Player,Age,Pos,G,GS,rush_att,rush_yds,rush_td,Fmb,year,receiving_att,receiving_yds,receiving_td
OJ Simpson,28,RB,14,14,329,1817,16,7,1975,28,426,7
Lydell Mitchell,26,RB,14,14,289,1193,11,5,1975,60,544,4
Chuck Foreman,25,RB,14,12,280,1070,13,12,1975,73,691,9
Mike Thomas,22,RB,14,10,235,919,4,9,1975,40,483,3
Mercury Morris,28,RB,14,14,219,875,4,5,1975,2,15,0
Greg Pruitt,24,RB,14,14,217,1067,8,10,1975,44,299,1
Lawrence McCutcheon,25,RB,13,13,213,911,2,4,1975,31,230,1
Walter Payton,21,RB,13,7,196,679,7,9,1975,33,213,0
Altie Taylor,28,RB,14,14,195,638,4,3,1975,21,111,0
Ronnie Coleman,24,RB,14,12,175,790,5,6,1975,18,129,0
Tom Sullivan,25,RB,14,12,173,632,0,4,1975,28,276,0
Terry Metcalf,24,RB,13,13,165,816,9,8,1975,43,378,2
Mike Strachan,22,RB,11,11,161,668,2,4,1975,30,224,0
Rocky Bleier,29,RB,11,11,140,528,2,7,1975,15,65,0
Rickey Young,22,RB,14,8,138,577,5,5,1975,21,166,1
Preston Pearson,30,RB,14,10,133,509,2,1,1975,27,351,2
Floyd Little,33,RB,14,10,125,445,2,2,1975,29,308,2
Carl Garrett,28,RB,13,8,122,566,5,4,1975,19,180,1
Willard Harrell,23,RB,14,12,121,359,1,11,1975,34,261,2
Andy Johnson,23,RB,14,9,117,488,3,4,1975,26,294,1
Delvin Williams,24,RB,14,12,117,631,3,1,1975,34,370,1
Jim Bertelsen,25,RB,13,11,116,457,3,2,1975,14,208,0
Ron Johnson,28,RB,14,8,116,351,5,5,1975,34,280,1
Clarence Davis,26,RB,11,8,112,486,4,4,1975,11,126,1
Haskel Stanback,23,RB,14,10,105,440,5,2,1975,14,115,0
Ed Podolak,28,RB,14,4,102,351,3,3,1975,37,332,2
Larry Brown,28,rb,14,8,97,352,3,2,1975,25,225,2
Larry Brown,28,rb,14,8,97,352,3,2,1975,16,244,1
Mike Adamle,26,rb,14,7,94,353,1,4,1975,15,111,0
Stan Fritts,23,RB,13,5,94,375,8,1,1975,6,63,2
Don Woods,24,rb,5,5,87,317,2,1,1975,13,101,0
Billy Pritchett,24,rb,14,13,75,199,0,4,1975,16,109,0
Lenvil Elliott,24,rb,14,5,71,308,1,2,1975,20,196,3
Walter Payton,22,RB,14,14,311,1390,13,10,1976,15,149,0
Lawrence McCutcheon,26,RB,14,14,291,1168,9,10,1976,28,305,2
OJ Simpson,29,RB,14,13,290,1503,8,6,1976,22,259,1
Lydell Mitchell,27,RB,14,14,289,1200,5,4,1976,60,555,3
Chuck Foreman,26,RB,14,14,278,1155,13,7,1976,55,567,1
Mike Thomas,23,RB,13,12,254,1101,5,7,1976,28,290,4
Delvin Williams,25,RB,13,13,248,1203,7,6,1976,27,283,2
Otis Armstrong,26,RB,14,14,247,1008,5,4,1976,39,457,1
Rocky Bleier,30,RB,14,14,220,1036,5,4,1976,24,294,0
Greg Pruitt,25,RB,14,13,209,1000,4,7,1976,45,341,1
Dexter Bussey,24,RB,14,14,196,858,3,6,1976,28,218,0
Benny Malone,24,RB,14,12,186,797,4,3,1976,9,103,0
Doug Kotar,25,RB,14,14,185,731,3,3,1976,36,319,0
Louis Carter,23,RB,14,8,171,521,1,2,1976,20,135,0
Ronnie Coleman,25,RB,13,13,171,684,2,8,1976,40,247,3
Andy Johnson,24,RB,14,13,169,699,6,5,1976,29,343,4
Doug Dennison,25,RB,14,10,153,542,6,3,1976,8,67,0
Archie Griffin,22,RB,14,14,138,625,3,2,1976,16,138,0
Tony Galbreath,22,RB,14,13,136,570,7,7,1976,54,420,1
Terry Metcalf,25,RB,12,12,134,537,3,15,1976,33,388,4
Don Woods,25,RB,11,10,126,450,3,1,1976,34,224,1
Sherman Smith,22,RB,12,9,119,537,4,8,1976,36,384,1
Clarence Davis,27,RB,12,12,114,516,3,6,1976,27,191,0
Tommy Reamon,24,rb,11,4,103,314,4,7,1976,10,136,1
Tom Sullivan,26,RB,13,8,99,399,2,1,1976,14,116,1
Barty Smith,24,rb,8,5,97,355,5,4,1976,11,88,0
Steve Davis,28,RB,12,8,94,418,3,6,1976,8,57,0
Sonny Collins,23,rb,11,5,91,319,0,1,1976,4,37,0
Ed Podolak,29,rb,10,4,88,371,5,2,1976,13,156,0
Eric Torkelson,24,RB,14,11,88,289,2,3,1976,19,140,0
Larry Poole,24,rb,13,1,78,356,1,2,1976,14,70,0
Woody Green,25,RB,6,6,73,322,1,2,1976,9,100,0
Mike Esposito,23,rb,10,4,60,317,2,4,1976,17,88,0
Stan Fritts,24,rb,13,4,47,200,3,1,1976,9,75,0
Walter Payton,23,RB,14,14,339,1852,14,11,1977,27,269,2
Lydell Mitchell,28,RB,14,14,301,1159,3,5,1977,71,620,4
Lawrence McCutcheon,27,RB,14,14,294,1238,7,6,1977,25,274,2
Chuck Foreman,27,RB,14,14,270,1112,6,9,1977,38,308,3
Delvin Williams,26,RB,14,14,268,931,7,3,1977,20,179,2
Haskel Stanback,25,RB,14,14,247,873,6,8,1977,30,261,0
Greg Pruitt,26,RB,14,14,236,1086,3,8,1977,37,471,1
Mike Thomas,24,RB,13,13,228,806,3,10,1977,28,245,2
Tony Dorsett,23,RB,14,4,208,1007,12,7,1977,29,273,1
Chuck Muncie,24,RB,14,11,201,811,6,3,1977,21,248,1
Don Calhoun,25,RB,14,14,198,727,4,3,1977,13,152,0
Clarence Davis,28,RB,14,14,194,787,5,0,1977,16,124,0
Ronnie Coleman,26,RB,14,13,185,660,5,7,1977,22,115,1
Sherman Smith,23,RB,14,14,163,763,4,6,1977,30,419,2
Bobby Hammond,25,rb,14,4,154,577,3,3,1977,19,136,0
Terry Metcalf,26,RB,14,11,149,739,4,10,1977,34,403,2
Ricky Bell,22,RB,11,10,148,436,1,4,1977,11,88,0
Archie Griffin,23,RB,12,11,137,549,0,3,1977,28,240,0
Rocky Bleier,31,RB,13,13,135,465,4,6,1977,18,161,0
Ed Podolak,30,rb,13,6,133,550,5,2,1977,32,313,0
Doug Kotar,26,RB,12,11,132,480,2,1,1977,15,73,0
Otis Armstrong,27,RB,10,10,130,489,4,2,1977,18,128,0
Benny Malone,25,RB,14,8,129,615,5,4,1977,4,58,0
Roland Hooks,24,rb,14,7,128,497,0,8,1977,16,195,0
Gary Davis,23,rb,14,6,126,533,2,1,1977,14,151,1
Tony Reed,22,RB,14,8,126,505,2,7,1977,12,125,0
OJ Simpson,30,RB,7,7,126,557,0,2,1977,16,138,0
Tom Sullivan,27,RB,14,13,125,363,0,2,1977,26,223,2
Rick Kane,23,RB,14,6,124,421,4,10,1977,18,186,0
Don Woods,26,RB,14,14,118,405,1,2,1977,18,218,1
Eric Torkelson,25,RB,14,7,103,309,1,4,1977,11,107,0
Preston Pearson,32,rb,14,10,89,341,1,1,1977,46,535,4
Scott Dierking,22,RB,14,5,79,315,0,1,1977,4,29,1
Walter Payton,24,RB,16,16,333,1395,11,5,1978,50,480,0
Earl Campbell,23,RB,15,14,302,1450,13,9,1978,12,48,0
Tony Dorsett,24,RB,16,15,290,1325,7,12,1978,37,378,2
Terdell Middleton,23,RB,16,16,284,1116,11,8,1978,34,332,1
Delvin Williams,27,RB,16,15,272,1258,8,4,1978,18,192,0
Wilbert Montgomery,24,RB,14,14,259,1220,9,6,1978,34,195,1
Joe Washington,25,RB,16,12,240,956,0,12,1978,45,377,1
Terry Miller,22,RB,16,16,238,1060,7,8,1978,22,246,0
Dexter Bussey,26,RB,16,16,225,924,5,9,1978,31,275,1
Lydell Mitchell,29,RB,16,11,214,820,3,2,1978,57,500,2
Tony Reed,23,LH,16,16,206,1053,5,6,1978,48,483,1
Haskel Stanback,26,RB,15,15,188,588,5,5,1978,12,108,0
Ricky Bell,23,RB,12,9,185,679,6,1,1978,15,122,0
Cullen Bryant,27,RB,16,9,178,658,7,0,1978,8,76,0
Greg Pruitt,27,RB,12,12,176,960,3,12,1978,38,292,2
Wayne Morris,24,RB,13,13,174,631,1,1,1978,33,298,1
Arthur Whittington,23,RB,16,9,172,661,7,2,1978,23,106,0
Scott Dierking,23,RB,15,13,170,681,4,2,1978,19,152,0
Rocky Bleier,32,RB,16,16,165,633,5,6,1978,17,168,1
Sherman Smith,24,RB,12,12,165,805,6,3,1978,28,366,1
OJ Simpson,31,RB,10,10,161,593,1,5,1978,21,172,2
Mike Thomas,25,RB,13,13,161,533,3,7,1978,35,387,2
Chuck Muncie,25,RB,13,11,160,557,7,7,1978,26,233,0
Doug Kotar,27,rb,15,5,149,625,1,1,1978,22,225,1
Andy Johnson,26,RB,15,13,147,675,3,4,1978,26,267,0
Rickey Young,25,RB,16,16,134,417,1,6,1978,88,704,5
Archie Griffin,24,RB,16,8,132,484,0,6,1978,35,284,3
Bobby Hammond,26,RB,14,11,131,554,1,4,1978,20,173,2
Paul Hofer,26,rb,16,6,121,465,7,4,1978,12,170,0
Lawrence McCutcheon,28,rb,8,7,118,420,0,4,1978,12,76,2
Otis Armstrong,28,RB,16,9,112,381,1,1,1978,12,98,1
Mike Strachan,25,rb,15,5,108,388,4,3,1978,10,51,0
Al Hunter,23,rb,16,5,105,348,2,3,1978,12,172,0
Ted McKnight,24,RH,16,14,104,627,6,2,1978,14,83,1
Cleo Miller,26,rb,15,9,89,336,1,2,1978,20,152,0
Deacon Turner,23,rb,16,5,84,333,0,4,1978,11,50,0
Rob Lytle,24,rb,13,7,81,341,2,0,1978,6,37,0
Terry Robiskie,24,rb,7,5,49,189,2,0,1978,5,51,0
Brian Kelley,27,RLB,16,15,1,2,0,1,1978,1,-1,0
Walter Payton,25,RB,16,16,369,1610,14,7,1979,31,313,2
Earl Campbell,24,RB,16,16,368,1697,19,8,1979,16,94,0
Wilbert Montgomery,25,RB,16,16,338,1512,9,14,1979,41,494,5
Ottis Anderson,22,RB,16,16,331,1605,8,10,1979,41,308,2
Tony Dorsett,25,RB,14,14,250,1107,6,9,1979,45,375,1
Joe Washington,26,RB,15,15,242,884,4,8,1979,82,750,3
Chuck Muncie,26,RB,16,15,238,1198,11,8,1979,40,308,0
Wendell Tyler,24,RB,16,12,218,1109,9,9,1979,32,308,1
Jerry Eckwood,25,RB,16,10,194,690,2,9,1979,22,268,0
Sherman Smith,25,RB,16,15,194,775,11,1,1979,48,499,4
Rickey Young,26,RB,16,16,188,708,3,2,1979,72,519,4
Scott Dierking,24,RB,16,14,186,767,3,1,1979,10,121,0
Delvin Williams,28,RB,14,13,184,703,3,4,1979,21,175,1
Benny Malone,27,RB,16,16,176,472,3,1,1979,13,137,1
Doug Kotar,28,RB,16,14,160,616,3,3,1979,25,230,0
Dexter Bussey,27,RB,16,10,144,625,1,3,1979,15,102,0
Horace Ivory,25,RB,11,9,143,522,1,4,1979,23,216,2
Archie Griffin,25,RB,16,15,140,688,0,3,1979,43,417,2
Terry Miller,23,RB,16,16,139,484,1,2,1979,10,111,0
Terdell Middleton,24,RB,14,12,131,495,2,3,1979,18,155,1
Paul Hofer,27,rb,15,7,123,615,7,3,1979,58,662,2
OJ Simpson,32,RB,13,8,120,460,3,3,1979,7,46,0
Sidney Thornton,25,RB,13,10,118,585,6,7,1979,16,231,4
Tony Reed,24,RB,11,11,113,446,1,4,1979,34,352,0
Arthur Whittington,24,RB,9,7,109,397,2,3,1979,19,240,0
Rob Lytle,25,RB,15,12,102,371,4,1,1979,13,93,0
Rick Kane,25,rb,16,6,94,332,4,4,1979,9,104,1
Rocky Bleier,33,rb,16,7,92,434,4,4,1979,31,277,0
Mike Thomas,26,RB,14,9,91,353,1,4,1979,32,388,0
Bubba Bean,25,RB,11,11,88,393,1,0,1979,12,137,0
Derrick Jensen,23,rb,16,8,73,251,0,6,1979,7,23,1
Lydell Mitchell,30,rb,12,5,63,211,0,2,1979,19,159,1
Greg Pruitt,28,rb,6,6,62,233,0,1,1979,14,155,1
Calvin Hill,32,RB,14,7,53,193,1,1,1979,38,381,2
Andy Johnson,27,rb,5,5,43,132,1,0,1979,9,68,0
Earl Campbell,25,RB,15,15,373,1934,13,4,1980,11,47,0
Walter Payton,26,RB,16,16,317,1460,6,5,1980,46,367,1
Billy Sims,25,RB,16,16,313,1303,13,12,1980,51,621,3
Joe Cribbs,22,RB,16,16,306,1185,11,16,1980,52,415,1
Ottis Anderson,23,RB,16,16,301,1352,9,5,1980,36,308,0
Tony Dorsett,26,RB,15,15,278,1185,11,8,1980,34,263,0
Lynn Cain,25,RB,16,16,235,914,8,6,1980,24,223,1
Vagas Ferguson,23,RB,16,16,211,818,2,3,1980,22,173,0
Eddie Lee Ivery,23,RB,16,16,202,831,3,3,1980,50,481,1
Wilbert Montgomery,26,RB,12,12,193,778,8,3,1980,50,407,2
Delvin Williams,29,RB,15,10,187,671,2,5,1980,31,207,0
Curtis Dickey,24,rb,15,5,176,800,11,3,1980,25,204,2
Wilbur Jackson,29,RB,16,14,176,708,3,10,1980,27,279,1
Kenny King,23,RB,15,13,172,761,4,6,1980,22,145,0
Charles Alexander,23,RB,16,16,169,702,2,2,1980,36,192,0
Elvis Peacock,24,RB,13,9,164,777,7,1,1980,25,213,2
Scott Dierking,25,RB,16,13,156,567,6,3,1980,19,138,1
Jerry Eckwood,26,RB,15,8,149,504,2,7,1980,47,475,1
Billy Taylor,24,RB,11,10,147,580,4,4,1980,33,253,0
Joe Washington,27,RB,16,11,144,502,1,5,1980,51,494,3
Rickey Young,27,RB,16,16,130,351,3,2,1980,64,499,2
Mike Thomas,27,rb,10,5,118,484,3,0,1980,29,218,0
Dave Preston,25,RB,12,10,111,385,4,3,1980,35,309,0
Otis Armstrong,30,rb,9,6,106,470,4,1,1980,7,23,0
Dan Doornink,24,RB,15,14,100,344,3,2,1980,31,237,2
Clarence Williams,25,RB,13,9,97,258,3,3,1980,26,230,1
Charles White,22,rb,14,7,86,279,5,1,1980,17,153,1
Archie Griffin,26,rb,15,7,85,260,0,1,1980,28,196,0
Jimmy Rogers,25,RB,16,9,80,366,1,6,1980,27,267,2
Rocky Bleier,34,RB,16,6,78,340,1,0,1980,21,174,1
Sidney Thornton,26,rb,12,5,78,325,3,5,1980,15,131,1
James Hadnot,23,rb,13,5,76,244,2,4,1980,15,97,0
Tony Reed,25,RB,15,7,68,180,0,1,1980,44,422,1
Greg Hawthorne,24,rb,15,6,63,226,4,6,1980,12,158,0
Paul Hofer,28,RB,6,6,60,293,1,0,1980,41,467,2
Tony Nathan,24,rb,16,6,60,327,1,9,1980,57,588,5
Greg Pruitt,29,RB,16,9,40,117,0,1,1980,50,444,5
Johnny Davis,24,rb,14,6,39,130,1,1,1980,4,17,0
George Rogers,23,RB,16,16,378,1674,13,13,1981,16,126,0
Earl Campbell,26,RB,16,16,361,1376,10,10,1981,36,156,0
Tony Dorsett,27,RB,16,16,342,1646,4,10,1981,32,325,2
Walter Payton,27,RB,16,16,339,1222,6,9,1981,41,379,2
Ottis Anderson,24,RB,16,16,328,1376,9,13,1981,51,387,0
Billy Sims,26,RB,14,14,296,1437,13,9,1981,28,451,2
Wilbert Montgomery,27,RB,15,15,286,1402,8,6,1981,49,521,2
Wendell Tyler,26,RB,15,15,260,1074,12,11,1981,45,436,5
Joe Cribbs,23,RB,15,15,257,1097,3,12,1981,40,603,7
Chuck Muncie,28,RB,15,14,251,1144,19,9,1981,43,362,0
Joe Delaney,23,RB,15,10,234,1121,3,9,1981,22,246,0
Joe Washington,28,RB,14,13,210,916,4,8,1981,70,558,3
Tony Collins,22,RB,16,11,204,873,7,8,1981,26,232,0
John Riggins,32,rb,15,4,195,714,13,1,1981,6,59,0
Dave Preston,26,RB,16,14,183,640,3,4,1981,52,507,0
Jerry Eckwood,27,RB,16,12,172,651,2,3,1981,24,213,0
Kenny King,24,RB,14,14,170,828,0,10,1981,27,216,0
Curtis Dickey,25,RB,15,15,164,779,7,8,1981,37,419,3
Lynn Cain,26,RB,16,16,156,542,4,3,1981,55,421,2
Ricky Patton,27,RB,16,15,152,543,4,3,1981,27,195,1
Tony Nathan,25,RB,13,11,147,782,5,2,1981,50,452,3
Harlan Huckleby,24,RB,16,12,139,381,5,3,1981,27,221,3
Freeman McNeil,22,RB,11,6,137,623,2,5,1981,18,171,1
Frank Pollard,24,RB,14,10,123,570,2,5,1981,19,156,0
Charles Alexander,24,RB,15,14,98,292,2,0,1981,28,262,1
Charles White,23,RB,16,8,97,342,1,8,1981,27,219,0
Johnny Davis,25,rb,16,5,94,297,7,1,1981,3,-1,0
Sherman Smith,27,RB,16,8,83,253,3,3,1981,44,406,1
Bruce Harper,26,rb,16,7,81,393,4,7,1981,52,459,1
Vagas Ferguson,24,rb,13,5,78,340,3,1,1981,4,39,0
Leon Perry,24,RB,16,6,72,257,0,4,1981,13,140,1
Sidney Thornton,27,rb,16,6,56,202,4,6,1981,8,78,0
Ted McKnight,27,rb,5,5,54,195,5,2,1981,8,77,0
Rickey Young,28,RB,16,13,47,129,0,4,1981,43,296,2
Greg Pruitt,30,rb,15,6,31,124,0,3,1981,65,636,4
Tony Dorsett,28,RB,9,9,177,745,5,6,1982,24,179,0
John Riggins,33,RB,8,8,177,553,3,2,1982,10,50,0
Billy Sims,27,RB,9,8,172,639,4,7,1982,34,342,0
Tony Collins,23,RB,9,9,164,632,1,5,1982,19,187,2
Marcus Allen,22,RB,9,9,160,697,11,5,1982,38,401,3
Earl Campbell,27,RB,9,9,157,538,2,2,1982,18,130,0
Freeman McNeil,23,RB,9,9,151,786,6,7,1982,16,187,1
Walter Payton,28,RB,9,9,148,596,1,3,1982,32,311,0
Ottis Anderson,25,RB,8,8,145,587,3,2,1982,14,106,0
Chuck Muncie,29,RB,9,9,138,569,8,4,1982,25,207,1
Wendell Tyler,27,RB,9,9,137,564,9,10,1982,38,375,4
Joe Cribbs,24,RB,7,6,134,633,3,5,1982,13,99,0
Eddie Lee Ivery,25,RB,9,9,127,453,9,2,1982,16,186,1
George Rogers,24,RB,6,5,122,535,3,4,1982,4,21,0
Wilbert Montgomery,28,RB,8,8,114,515,7,3,1982,20,258,2
Butch Woolfolk,22,RB,9,8,112,439,2,5,1982,23,224,2
Joe Delaney,24,RB,8,7,95,380,0,0,1982,11,53,0
Jeff Moore,26,RB,9,4,85,281,4,4,1982,37,405,4
James Owens,27,RB,8,6,76,238,0,2,1982,8,42,1
Charles White,24,RB,9,9,69,259,3,2,1982,34,283,0
Curtis Dickey,26,RB,8,6,66,232,1,3,1982,21,228,0
Tony Nathan,26,RB,8,7,66,233,1,2,1982,16,114,0
Charles Alexander,25,RB,9,9,64,207,1,1,1982,14,85,1
Sherman Smith,28,RB,9,8,63,202,0,1,1982,19,196,0
Frank Pollard,25,RB,9,8,62,238,2,3,1982,6,39,0
Lynn Cain,27,RB,9,9,54,173,1,2,1982,13,101,1
Darrin Nelson,23,RB,7,4,44,136,0,2,1982,9,100,0
Dave Preston,27,RB,8,5,19,81,0,3,1982,14,134,0
Eric Dickerson,23,RB,16,16,390,1808,18,13,1983,51,404,2
John Riggins,34,RB,15,15,375,1347,24,5,1983,5,29,0
Curt Warner,22,RB,16,16,335,1449,13,6,1983,42,325,1
William Andrews,28,RB,16,16,331,1567,7,6,1983,59,609,4
Earl Campbell,28,RB,14,14,322,1301,12,4,1983,19,216,0
Walter Payton,29,RB,16,16,314,1421,6,5,1983,53,607,2
Ottis Anderson,26,RB,15,15,296,1270,5,10,1983,54,459,1
Mike Pruitt,29,RB,15,14,293,1184,10,4,1983,30,157,2
Tony Dorsett,29,RB,16,16,289,1321,8,5,1983,40,287,1
Marcus Allen,23,RB,16,15,266,1014,9,14,1983,68,590,2
Joe Cribbs,25,RB,16,16,263,1131,3,6,1983,57,524,7
George Rogers,25,RB,13,12,256,1144,5,8,1983,12,69,0
Curtis Dickey,27,RB,16,16,254,1122,4,9,1983,24,483,3
Butch Woolfolk,23,RB,16,16,246,857,4,8,1983,28,368,0
Chuck Muncie,30,RB,15,12,235,886,12,8,1983,42,396,1
Billy Sims,28,RB,13,12,220,1040,7,6,1983,42,419,0
Tony Collins,24,RB,16,16,219,1049,10,10,1983,27,257,0
Sammy Winder,24,RB,14,13,196,757,3,7,1983,23,150,0
Wendell Tyler,28,RB,14,14,176,856,4,7,1983,34,285,2
Freeman McNeil,24,RB,9,9,160,654,1,4,1983,21,172,3
Darrin Nelson,24,RB,15,10,154,642,1,5,1983,51,618,0
Charles Alexander,26,RB,14,14,153,523,3,1,1983,32,187,0
Billy Jackson,24,RB,16,14,152,499,2,3,1983,32,243,0
Tony Nathan,27,RB,16,12,151,685,3,2,1983,52,461,1
James Brooks,25,rb,15,6,127,516,3,8,1983,25,215,0
Mel Carver,24,RB,16,9,114,348,0,6,1983,32,262,1
Walter Abercrombie,24,RB,15,13,112,446,4,2,1983,26,391,3
Michael Williams,22,RB,15,9,103,385,0,1,1983,17,142,0
James Owens,28,rb,12,5,96,266,5,0,1983,15,81,1
Michael Haddix,22,rb,14,8,91,220,2,4,1983,23,254,0
Eddie Lee Ivery,26,RB,8,8,86,340,2,1,1983,16,139,1
Rodney Tate,24,rb,12,8,25,77,0,3,1983,18,142,0
James Wilder,26,RB,16,16,407,1544,13,10,1984,85,685,0
Walter Payton,30,RB,16,16,381,1684,11,5,1984,45,368,0
Eric Dickerson,24,RB,16,16,379,2105,14,14,1984,21,139,0
Gerald Riggs,24,RB,15,14,353,1486,13,11,1984,42,277,0
John Riggins,35,RB,14,14,327,1239,14,7,1984,7,43,0
Tony Dorsett,30,RB,16,16,302,1189,6,12,1984,51,459,1
Earnest Jackson,25,RB,16,14,296,1179,8,3,1984,39,222,1
Sammy Winder,25,RB,16,15,296,1153,4,5,1984,44,288,2
Ottis Anderson,27,RB,15,15,289,1174,6,8,1984,70,611,2
Marcus Allen,24,RB,16,16,275,1168,13,8,1984,64,758,5
Greg Bell,22,RB,16,15,262,1100,7,5,1984,34,277,1
Wendell Tyler,29,RB,16,15,246,1262,7,13,1984,28,230,2
George Rogers,26,RB,16,16,239,914,2,2,1984,12,76,0
Freeman McNeil,25,RB,12,12,229,1070,5,4,1984,25,294,1
Boyce Green,24,RB,16,10,202,673,0,3,1984,12,124,1
Wilbert Montgomery,30,RB,16,15,201,789,2,5,1984,60,501,0
Larry Moriarty,26,RB,14,9,189,785,6,5,1984,31,206,1
Herman Heard,23,RB,16,9,165,684,4,5,1984,25,223,0
Mike Pruitt,30,rb,10,7,163,506,6,1,1984,5,29,0
Craig James,23,RB,15,7,160,790,1,4,1984,22,159,0
Walter Abercrombie,25,rb,14,7,145,610,1,0,1984,16,135,0
Tony Collins,25,rb,16,5,138,550,5,3,1984,16,100,0
Joe Morris,24,RB,16,8,133,510,4,1,1984,12,124,0
Curtis Dickey,28,RB,10,9,131,523,3,6,1984,14,135,0
Billy Sims,29,RB,8,8,130,687,5,6,1984,31,239,0
Gerry Ellis,27,RB,16,16,123,581,4,2,1984,36,312,2
Tony Nathan,28,RB,16,12,118,558,1,3,1984,61,579,2
Rich Erenberg,22,RB,16,9,115,405,2,3,1984,38,358,1
James Brooks,26,RB,15,11,103,396,2,4,1984,34,268,2
Eddie Lee Ivery,27,rb,10,5,99,552,6,1,1984,19,141,1
Ted Brown,27,RB,13,9,98,442,3,2,1984,46,349,3
Frank Middleton,24,rb,16,5,92,275,1,2,1984,15,112,1
Eric Lane,25,RB,15,7,80,299,4,1,1984,11,101,1
Darrin Nelson,25,rb,15,8,80,406,3,4,1984,27,162,1
Billy Jackson,25,rb,16,9,50,225,1,2,1984,15,101,1
Butch Woolfolk,24,rb,15,8,40,92,1,1,1984,9,53,0
Gerald Riggs,25,RB,16,16,397,1719,10,0,1985,33,267,0
Marcus Allen,25,RB,16,16,380,1759,11,3,1985,67,555,3
James Wilder,27,RB,16,16,365,1300,10,9,1985,53,341,0
Walter Payton,31,RB,16,16,324,1551,9,6,1985,49,483,2
Tony Dorsett,31,RB,16,16,305,1307,7,7,1985,46,449,3
Freeman McNeil,26,RB,14,13,294,1331,3,9,1985,38,427,2
Joe Morris,25,RB,16,16,294,1336,21,6,1985,22,212,0
Eric Dickerson,25,RB,14,14,292,1234,12,10,1985,20,126,0
Curt Warner,24,RB,16,16,291,1094,8,8,1985,47,307,1
Earnest Jackson,26,RB,16,11,282,1028,5,3,1985,10,126,1
Earnest Byner,23,RB,16,13,244,1002,8,5,1985,45,460,2
George Rogers,27,rb,15,5,231,1093,7,9,1985,4,29,0
Walter Abercrombie,26,RB,16,16,227,851,7,5,1985,24,209,2
Darrin Nelson,26,RB,16,10,200,893,5,7,1985,43,301,1
Sammy Winder,26,RB,14,12,199,714,8,4,1985,31,197,0
James Brooks,27,RB,16,16,192,929,7,7,1985,55,576,5
Stump Mitchell,26,rb,16,8,183,1006,7,6,1985,47,502,3
John Riggins,36,RB,12,11,176,677,8,3,1985,6,18,0
Wendell Tyler,30,RB,13,12,171,867,6,6,1985,20,154,2
Herman Heard,24,RB,16,12,164,595,4,4,1985,31,257,2
Tony Collins,26,RB,16,16,163,657,3,6,1985,52,549,2
Earl Campbell,30,RB,16,12,158,643,1,4,1985,6,88,0
Johnny Hector,25,rb,14,5,145,572,6,2,1985,17,164,0
Tony Nathan,29,RB,16,15,143,667,5,7,1985,72,651,1
George Wonsley,25,RB,16,9,138,716,6,4,1985,30,257,0
Eddie Lee Ivery,28,RB,15,10,132,636,2,1,1985,28,270,2
Joe Cribbs,27,RB,10,5,122,399,1,5,1985,18,142,0
Ottis Anderson,28,RB,9,8,117,479,4,3,1985,23,225,0
Gary Anderson,24,rb,12,6,116,429,4,5,1985,35,422,2
Lionel James,23,RB,16,7,105,516,2,9,1985,86,1027,6
Gerry Ellis,28,rb,16,8,104,571,5,2,1985,24,206,0
Butch Woolfolk,25,RB,16,14,103,392,1,5,1985,80,814,4
Alvin Moore,26,rb,16,5,80,221,4,5,1985,19,154,1
Wilbert Montgomery,31,RB,7,6,75,251,0,0,1985,7,55,0
Maurice Carthon,24,rb,16,5,27,70,0,1,1985,8,81,0
Herman Hunter,24,rb,16,4,27,121,1,4,1985,28,405,1
William Perry,23,RDT,16,9,5,7,2,0,1985,1,4,1
Eric Dickerson,26,RB,16,16,404,1821,11,12,1986,26,205,0
Gerald Riggs,26,RB,16,15,343,1327,9,6,1986,24,136,0
Joe Morris,26,RB,15,15,341,1516,14,6,1986,21,233,1
Walter Payton,32,RB,16,16,321,1333,8,6,1986,37,382,3
Curt Warner,25,RB,16,16,319,1481,13,6,1986,41,342,0
George Rogers,28,RB,15,15,303,1203,18,7,1986,3,24,0
Rueben Mayes,23,RB,16,12,286,1353,8,4,1986,17,96,0
Sammy Winder,27,RB,16,15,240,789,9,2,1986,26,171,5
Walter Abercrombie,27,RB,16,16,214,877,6,4,1986,47,395,2
Freeman McNeil,27,RB,12,11,214,856,5,8,1986,49,410,1
Marcus Allen,26,RB,13,10,208,759,5,7,1986,46,453,2
James Brooks,28,RB,16,16,205,1087,5,2,1986,54,686,4
Mike Rozier,25,RB,13,13,199,662,4,6,1986,24,180,0
Darrin Nelson,27,RB,16,16,191,793,4,3,1986,53,593,3
James Wilder,28,RB,12,12,190,704,2,10,1986,43,326,1
Lorenzo Hampton,24,RB,16,16,186,830,9,4,1986,61,446,3
Tony Dorsett,32,RB,13,12,184,748,5,5,1986,25,267,1
Keith Byars,23,RB,16,8,177,577,1,3,1986,11,44,0
Stump Mitchell,27,RB,15,13,174,800,5,4,1986,41,276,0
Johnny Hector,26,rb,13,5,164,605,8,2,1986,33,302,0
Garry James,23,RB,16,15,159,688,3,3,1986,34,219,0
Tony Collins,27,RB,16,15,156,412,3,4,1986,77,684,5
Joe Cribbs,28,RB,14,10,152,590,5,5,1986,35,346,0
Herschel Walker,24,rb,16,9,151,737,12,5,1986,76,837,2
Robb Riddick,29,RB,15,8,150,632,4,8,1986,49,468,1
Napoleon McCallum,23,rb,15,5,142,536,1,5,1986,13,103,0
Curtis Dickey,30,RB,14,10,135,523,6,4,1986,10,78,0
Gary Anderson,25,RB,16,12,127,442,1,5,1986,80,871,8
Dalton Hilliard,22,rb,16,5,121,425,5,3,1986,17,107,0
Kenneth Davis,24,RB,16,6,114,519,0,2,1986,21,142,1
Earnest Byner,24,rb,7,7,94,277,2,1,1986,37,328,2
Greg Bell,24,rb,6,6,90,377,4,2,1986,12,142,2
Gary Ellerson,23,rb,16,6,90,287,3,3,1986,12,130,0
Boyce Green,26,rb,16,7,90,314,3,3,1986,19,137,0
Gerry Ellis,29,rb,16,6,84,345,2,4,1986,24,258,0
Herman Heard,25,RB,15,7,71,295,2,4,1986,17,83,0
George Wonsley,26,rb,16,6,60,214,1,1,1986,16,175,0
Charles White,29,RB,15,12,324,1374,11,8,1987,23,121,0
Rueben Mayes,24,RB,12,12,243,917,5,8,1987,15,68,0
Curt Warner,26,RB,12,12,234,985,8,4,1987,17,167,2
Mike Rozier,26,RB,11,11,229,957,3,5,1987,27,192,0
Roger Craig,27,RB,14,14,215,815,3,5,1987,66,492,1
Herschel Walker,25,RB,12,11,209,891,7,4,1987,60,715,1
Stump Mitchell,28,RB,12,12,203,781,3,3,1987,45,397,2
Gerald Riggs,27,RB,12,12,203,875,2,4,1987,25,199,0
Marcus Allen,27,RB,12,12,200,754,5,3,1987,51,410,0
Sammy Winder,28,RB,12,10,196,741,6,5,1987,14,74,1
Joe Morris,27,RB,11,10,193,658,3,2,1987,11,114,0
George Rogers,29,RB,11,9,163,613,6,2,1987,4,23,0
Tony Collins,28,RB,13,11,147,474,3,6,1987,44,347,3
Walter Payton,33,RB,12,12,146,533,4,5,1987,33,217,1
Troy Stradford,23,rb,12,5,145,619,6,6,1987,48,457,1
Darrin Nelson,28,RB,10,9,131,642,2,2,1987,26,129,0
Tony Dorsett,33,rb,12,6,130,456,1,3,1987,19,177,1
Walter Abercrombie,28,RB,12,12,123,459,2,4,1987,24,209,0
Freeman McNeil,28,RB,9,8,121,530,0,1,1987,24,262,1
Keith Byars,24,RB,10,8,116,426,3,3,1987,21,177,1
Ronnie Harmon,23,RB,12,10,116,485,2,2,1987,56,477,2
Johnny Hector,27,rb,11,6,111,435,11,2,1987,32,249,0
Kenneth Davis,25,RB,10,8,109,413,3,2,1987,14,110,0
Earnest Byner,25,RB,12,12,105,432,8,5,1987,52,552,2
Jeff Smith,25,RB,12,8,100,309,2,2,1987,20,197,2
Jeff Smith,25,RB,12,8,100,309,2,2,1987,6,72,0
James Brooks,29,RB,9,7,94,290,1,0,1987,22,272,2
Herman Heard,26,RB,12,6,82,466,3,5,1987,14,118,0
Garry James,24,RB,8,7,82,270,4,3,1987,16,215,0
Gary Anderson,26,RB,12,7,80,260,3,4,1987,47,503,2
Lorenzo Hampton,25,RB,12,7,75,289,1,4,1987,23,223,0
Stanford Jennings,25,rb,12,5,70,314,1,0,1987,35,277,2
Paul Ott Carruth,26,rb,12,5,64,192,3,0,1987,10,78,1
Eric Dickerson,28,RB,16,16,388,1659,14,5,1988,36,377,1
Herschel Walker,26,RB,16,16,361,1514,5,6,1988,53,505,2
Roger Craig,28,RB,16,15,310,1502,9,8,1988,76,534,1
Joe Morris,28,RB,16,15,307,1083,5,7,1988,22,166,0
John Stephens,22,RB,16,14,297,1168,4,3,1988,14,98,0
Greg Bell,26,RB,16,13,288,1212,16,6,1988,24,124,2
Curt Warner,27,RB,16,16,266,1025,10,5,1988,22,154,2
Mike Rozier,27,RB,15,14,251,1002,10,7,1988,11,99,1
Neal Anderson,24,RB,16,16,249,1106,12,8,1988,39,371,0
Gary Anderson,27,RB,14,13,225,1119,3,5,1988,32,182,0
Marcus Allen,28,RB,15,15,223,831,7,5,1988,34,303,1
Freeman McNeil,29,RB,16,16,219,944,6,3,1988,34,288,1
Thurman Thomas,22,RB,15,15,207,881,2,9,1988,18,208,0
Dalton Hilliard,24,RB,16,8,204,823,5,3,1988,34,335,1
James Brooks,30,RB,15,15,182,931,8,1,1988,29,287,6
Garry James,25,RB,16,16,182,552,5,3,1988,39,382,2
Tony Dorsett,34,RB,16,13,181,703,5,6,1988,16,122,0
Rueben Mayes,25,rb,16,9,170,628,3,1,1988,11,103,0
Stump Mitchell,29,RB,14,14,164,726,4,6,1988,25,214,1
Earnest Byner,26,RB,16,16,157,576,3,5,1988,59,576,2
Keith Byars,25,RB,16,16,152,517,6,5,1988,72,705,4
Paul Palmer,24,RB,15,11,134,452,2,7,1988,53,611,4
Lars Tate,22,RB,15,5,122,467,7,2,1988,5,23,1
Lorenzo Hampton,26,RB,16,10,117,414,9,2,1988,23,204,3
Gerald Riggs,28,RB,9,9,113,488,1,3,1988,22,171,0
Darrin Nelson,29,RB,13,11,112,380,1,3,1988,16,105,0
Herman Heard,27,rb,12,5,106,438,0,2,1988,20,198,0
Troy Stradford,24,rb,15,6,95,335,2,2,1988,56,426,1
Warren Williams,23,RB,15,8,87,409,0,3,1988,11,66,1
Keith Woodside,24,RB,16,9,83,195,3,3,1988,39,352,2
Kerry Goode,23,rb,14,5,63,231,0,0,1988,7,68,0
Dwight Stone,24,rb,16,6,40,127,0,5,1988,11,196,1
Kenneth Davis,26,rb,9,7,39,121,1,0,1988,11,81,0
James Primus,24,rb,16,6,35,95,1,0,1988,8,42,0
Dalton Hilliard,25,RB,16,16,344,1262,13,7,1989,52,514,5
Ottis Anderson,32,RB,16,16,325,1023,14,2,1989,28,268,0
Eric Dickerson,29,RB,15,14,314,1311,7,10,1989,30,211,1
Thurman Thomas,23,RB,16,16,298,1244,6,7,1989,60,669,6
Bobby Humphrey,23,RB,16,12,294,1151,7,4,1989,22,156,1
Barry Sanders,21,RB,15,13,280,1470,14,10,1989,24,282,0
Neal Anderson,25,RB,16,16,274,1275,11,5,1989,50,434,4
Greg Bell,27,RB,16,15,272,1137,15,7,1989,19,85,0
Roger Craig,29,RB,16,16,271,1054,6,4,1989,49,473,1
John Stephens,23,RB,14,12,244,833,7,3,1989,21,207,0
James Brooks,31,RB,16,14,221,1239,7,9,1989,37,306,2
Gerald Riggs,29,rb,12,7,201,834,4,3,1989,7,67,0
Sammie Smith,22,RB,13,12,200,659,6,6,1989,7,81,0
Tim Worley,23,RB,15,14,195,770,5,9,1989,15,113,0
Curt Warner,28,RB,16,15,194,631,3,7,1989,23,153,1
Eric Metcalf,21,RB,16,11,187,633,6,5,1989,54,397,4
Johnny Hector,29,RB,15,9,177,702,3,1,1989,38,330,2
Bo Jackson,27,RB,11,9,173,950,4,1,1989,9,69,0
Marion Butts,23,rb,15,5,170,683,9,2,1989,7,21,0
Lars Tate,23,RB,15,14,167,589,8,2,1989,11,75,1
Earnest Byner,27,RB,16,13,134,580,7,2,1989,54,458,2
Tim Spencer,29,RB,16,11,134,521,3,3,1989,18,112,0
Keith Byars,26,RB,16,15,133,452,5,4,1989,68,721,0
Allen Pinkett,25,rb,16,6,94,449,1,1,1989,31,239,1
Mike Rozier,28,RB,12,10,88,301,2,4,1989,4,28,0
Tony Jordan,24,RB,13,8,83,211,2,4,1989,6,20,0
Freeman McNeil,30,rb,11,7,80,352,2,1,1989,31,310,1
Marcus Allen,29,rb,8,5,69,293,2,2,1989,20,191,0
Herman Heard,28,RB,16,10,63,216,0,2,1989,25,246,1
Keith Jones,23,RB,14,9,52,202,6,0,1989,41,396,0
Keith Jones,23,RB,14,9,52,202,6,0,1989,15,126,0
Gene Lang,27,rb,15,7,47,176,1,1,1989,39,436,1
DJ Dozier,24,rb,14,6,46,207,0,2,1989,14,148,0
Keith Woodside,25,RB,16,16,46,273,1,4,1989,59,527,0
Earnest Byner,28,RB,16,16,297,1219,6,2,1990,31,279,1
Bobby Humphrey,24,RB,15,14,288,1202,7,8,1990,24,152,0
Thurman Thomas,24,RB,16,16,271,1297,11,6,1990,49,532,2
Marion Butts,24,RB,14,13,265,1225,8,0,1990,16,117,0
Neal Anderson,26,RB,15,14,260,1078,10,2,1990,42,484,3
Barry Sanders,22,RB,16,16,255,1304,13,4,1990,36,480,3
Emmitt Smith,21,RB,16,15,241,937,11,7,1990,24,228,0
Johnny Johnson,22,RB,14,14,234,926,5,7,1990,25,241,0
Sammie Smith,23,RB,16,16,226,831,8,8,1990,11,134,1
Ottis Anderson,33,RB,16,11,225,784,11,1,1990,18,139,0
Derrick Fenner,23,RB,16,15,215,859,14,3,1990,17,143,1
John Stephens,24,RB,16,14,212,808,2,5,1990,28,196,1
Cleveland Gary,24,RB,15,7,204,808,14,12,1990,30,150,1
Barry Word,27,RB,16,3,204,1015,4,4,1990,4,28,0
James Brooks,32,RB,16,15,195,1004,5,3,1990,26,269,4
Herschel Walker,28,RB,16,16,184,770,5,4,1990,35,315,4
Marcus Allen,30,RB,16,15,179,682,12,1,1990,15,189,1
Lorenzo White,24,RB,16,16,168,702,8,7,1990,39,368,4
Gary Anderson,29,RB,16,13,166,646,3,7,1990,38,464,2
Eric Dickerson,30,RB,11,8,166,677,4,0,1990,18,92,0
Roger Craig,30,RB,11,11,141,439,1,2,1990,25,201,0
Rueben Mayes,27,RB,15,8,138,510,7,1,1990,12,121,0
Steve Broussard,23,RB,13,10,126,454,4,6,1990,24,160,0
Blair Thomas,23,RB,15,11,123,620,1,3,1990,20,204,1
Dexter Carter,23,rb,16,5,114,460,1,8,1990,25,217,0
Tim Worley,24,RB,11,8,109,418,0,6,1990,8,70,0
Dalton Hilliard,26,rb,6,6,90,284,0,2,1990,14,125,1
Eric Metcalf,22,RB,16,10,80,248,1,8,1990,57,452,1
Leroy Hoard,22,rb,14,5,58,149,3,6,1990,10,73,0
Keith Woodside,26,RB,16,13,46,182,1,2,1990,24,184,0
Keith Byars,27,RB,16,15,37,141,0,4,1990,81,819,3
Tracy Johnson,24,rb,16,5,30,106,3,1,1990,10,79,1
Bill Jones,24,rb,16,5,10,47,0,0,1990,19,137,5
Gary Plummer,30,LILB,16,15,2,3,1,0,1990,1,2,1
Emmitt Smith,22,RB,16,16,365,1563,12,8,1991,49,258,1
Barry Sanders,23,RB,15,15,342,1548,16,5,1991,41,307,1
Thurman Thomas,25,RB,15,15,288,1407,7,5,1991,62,631,5
Earnest Byner,29,RB,16,16,274,1048,5,3,1991,34,308,0
Leonard Russell,22,RB,16,15,266,959,4,8,1991,18,81,0
Gaston Green,25,RB,13,12,261,1037,4,4,1991,13,78,0
Rodney Hampton,22,RB,14,14,256,1059,10,5,1991,43,283,0
Mark Higgs,25,RB,14,10,231,905,4,3,1991,11,80,0
Robert Delpino,26,RB,16,15,214,688,9,3,1991,55,617,1
Neal Anderson,27,RB,13,12,210,747,6,5,1991,47,368,3
Herschel Walker,29,RB,15,15,198,825,10,2,1991,33,204,0
Reggie Cobb,23,RB,16,11,196,752,7,3,1991,15,111,0
Johnny Johnson,23,RB,15,13,196,666,4,2,1991,29,225,2
Marion Butts,25,rb,16,8,193,834,6,3,1991,10,91,1
Blair Thomas,24,RB,16,12,189,728,3,3,1991,30,195,1
Allen Pinkett,27,RB,16,16,171,720,9,2,1991,29,228,1
Eric Dickerson,31,RB,10,9,167,536,2,6,1991,41,269,1
Roger Craig,31,RB,15,13,162,590,1,2,1991,17,136,0
Barry Word,28,RB,16,3,160,684,4,1,1991,2,13,0
Rod Bernstine,26,RB,13,8,159,766,8,1,1991,11,124,0
James Brooks,33,RB,15,12,152,571,2,5,1991,40,348,2
Gill Fenerty,28,RB,16,12,139,477,3,1,1991,26,235,2
Heath Sherman,24,RB,16,5,106,279,0,3,1991,14,59,0
Erric Pegram,22,RB,16,7,101,349,1,1,1991,1,-1,0
Steve Broussard,24,rb,14,5,99,449,4,1,1991,12,120,1
Barry Foster,23,RB,10,9,96,488,1,5,1991,9,117,1
Derrick Fenner,24,RB,11,7,91,267,4,2,1991,11,72,0
Dexter Carter,24,RB,16,15,85,379,2,5,1991,23,253,1
Keith Woodside,27,RB,16,12,84,326,1,3,1991,22,185,0
Sammie Smith,24,rb,12,6,83,297,1,3,1991,14,95,0
Gary Anderson,30,rb,16,5,72,263,1,4,1991,25,184,0
James Jones,30,rb,16,6,45,154,3,2,1991,10,103,0
Leroy Hoard,23,RB,16,9,37,154,2,1,1991,48,567,9
Tim Manoa,27,rb,9,5,27,144,1,1,1991,2,5,0
Bob Perryman,27,rb,15,7,21,45,0,1,1991,17,171,0
Tracy Johnson,25,rb,16,5,8,26,0,0,1991,3,27,0
Barry Foster,24,RB,16,15,390,1690,11,9,1992,36,344,0
Emmitt Smith,23,RB,16,16,373,1713,18,4,1992,59,335,1
Barry Sanders,24,RB,16,16,312,1352,9,6,1992,29,225,1
Thurman Thomas,26,RB,16,16,312,1487,9,6,1992,58,626,3
Reggie Cobb,24,RB,16,13,310,1171,9,3,1992,21,156,0
Cleveland Gary,26,RB,16,16,279,1125,7,9,1992,52,293,3
Herschel Walker,30,RB,16,16,267,1070,8,6,1992,38,278,2
Terry Allen,24,RB,16,16,266,1201,13,9,1992,49,478,2
Harold Green,24,RB,16,15,265,1170,2,1,1992,41,214,0
Lorenzo White,26,RB,16,16,265,1226,7,2,1992,57,641,1
Earnest Byner,30,RB,16,16,262,998,6,1,1992,39,338,1
Rodney Hampton,23,RB,16,16,257,1141,14,1,1992,28,215,0
Mark Higgs,26,RB,16,15,256,915,7,5,1992,16,142,0
Chris Warren,24,RB,16,16,223,1017,3,2,1992,16,134,0
Marion Butts,26,RB,15,15,218,809,4,4,1992,9,73,0
Ricky Watters,23,RB,14,13,206,1013,9,2,1992,43,405,2
Eric Dickerson,32,RB,16,15,187,729,2,1,1992,14,85,1
Anthony Johnson,25,RB,15,13,178,592,0,6,1992,49,517,3
Johnny Johnson,24,RB,12,8,178,734,6,2,1992,14,103,0
Barry Word,29,RB,12,11,163,607,4,2,1992,9,80,0
Gaston Green,26,RB,14,13,161,648,2,0,1992,10,79,0
Vince Workman,24,RB,10,10,159,631,2,4,1992,47,290,0
Neal Anderson,28,RB,16,11,156,582,5,6,1992,42,399,6
Vaughn Dunbar,24,RB,16,8,154,565,3,3,1992,9,62,0
Leonard Russell,23,RB,11,10,123,390,2,3,1992,11,24,0
Jon Vaughn,22,rb,16,5,113,451,1,6,1992,13,84,0
Blair Thomas,25,RB,9,7,97,440,0,2,1992,7,49,0
Darren Lewis,24,rb,16,5,90,382,4,4,1992,18,175,0
Tony Smith,22,rb,14,6,87,329,2,4,1992,2,14,0
Keith Jones,26,RB,16,8,79,278,0,2,1992,12,94,0
Eric Metcalf,24,rb,16,5,73,301,1,6,1992,47,614,5
Ivory Lee Brown,23,rb,7,5,68,194,2,0,1992,7,54,0
Ronnie Harmon,28,rb,16,2,55,235,3,4,1992,79,914,1
Leroy Hoard,24,RB,16,9,54,236,0,3,1992,26,310,1
Thurman Thomas,27,RB,16,16,355,1315,6,6,1993,48,387,0
Leonard Russell,24,RB,16,15,300,1088,7,4,1993,26,245,0
Jerome Bettis,21,RB,16,12,294,1429,7,4,1993,26,244,0
Rodney Hampton,24,RB,12,10,292,1077,5,2,1993,18,210,0
Erric Pegram,24,RB,16,14,292,1185,3,6,1993,33,302,0
Emmitt Smith,24,RB,14,13,283,1486,9,4,1993,57,414,1
Chris Warren,25,RB,14,14,273,1072,7,3,1993,15,99,0
Ronald Moore,23,RB,16,11,263,1018,9,3,1993,3,16,0
Barry Sanders,25,RB,11,11,243,1115,3,3,1993,36,205,0
Rod Bernstine,28,RB,15,14,223,816,4,3,1993,44,372,0
Reggie Brooks,22,RB,16,11,223,1063,3,4,1993,21,186,0
Reggie Cobb,25,RB,12,10,221,658,3,5,1993,9,61,1
Harold Green,25,RB,15,15,215,589,0,3,1993,22,115,0
Ricky Watters,24,RB,13,13,208,950,10,5,1993,31,326,1
Marcus Allen,33,RB,16,10,206,764,12,4,1993,34,238,3
Leroy Thompson,24,rb,15,6,205,763,3,7,1993,38,259,0
Neal Anderson,29,RB,15,11,202,646,4,2,1993,31,160,0
Johnny Johnson,25,RB,15,9,198,821,3,5,1993,67,641,1
Gary Brown,24,RB,16,8,195,1002,6,4,1993,21,240,2
Mark Higgs,27,RB,16,8,186,693,3,1,1993,10,72,0
Marion Butts,27,RB,16,16,185,746,4,0,1993,15,105,0
Derek Brown,22,RB,13,12,180,705,2,1,1993,21,170,1
Derek Brown,22,RB,13,12,180,705,2,1,1993,7,56,0
Roosevelt Potts,22,RB,16,15,179,711,0,8,1993,26,189,0
Barry Foster,25,RB,9,9,177,711,8,3,1993,27,217,1
Herschel Walker,31,RB,16,16,174,746,1,3,1993,75,610,3
Darrell Thompson,26,RB,16,11,169,654,3,2,1993,18,129,0
Greg Robinson,24,RB,12,12,156,591,1,3,1993,15,142,0
Barry Word,30,RB,13,8,142,458,2,3,1993,9,105,0
Lorenzo White,27,rb,8,8,131,465,2,1,1993,34,229,0
Eric Metcalf,25,RB,16,9,129,611,1,4,1993,63,539,2
Lewis Tillman,27,rb,16,7,121,585,3,1,1993,1,21,0
Terry Kirby,23,rb,16,8,119,390,3,5,1993,75,874,3
Garrison Hearst,22,rb,6,5,76,264,1,2,1993,6,18,0
Blair Thomas,26,rb,11,5,59,221,1,0,1993,7,25,0
Harvey Williams,26,rb,7,6,42,149,0,3,1993,7,42,0
Emmitt Smith,25,RB,15,15,368,1484,21,1,1994,50,341,1
Natrone Means,22,RB,16,16,343,1350,12,5,1994,39,235,0
Chris Warren,26,RB,16,15,333,1545,9,5,1994,41,323,2
Barry Sanders,26,RB,16,16,331,1883,7,0,1994,44,283,1
Rodney Hampton,25,RB,14,13,327,1075,6,0,1994,14,103,0
Jerome Bettis,22,RB,16,16,319,1025,3,5,1994,31,293,1
Marshall Faulk,21,RB,16,16,314,1282,11,5,1994,52,522,1
Thurman Thomas,28,RB,15,15,287,1093,7,1,1994,50,349,2
Errict Rhett,24,RB,16,8,284,1011,7,2,1994,22,119,0
Harvey Williams,27,RB,16,10,282,983,4,4,1994,47,391,3
Lewis Tillman,28,RB,16,15,275,899,7,1,1994,27,222,0
Terry Allen,26,RB,16,16,255,1031,8,3,1994,17,148,0
Marion Butts,28,RB,16,15,243,703,8,1,1994,9,54,0
Johnny Johnson,26,RB,16,14,240,931,3,4,1994,42,303,2
Ricky Watters,25,RB,16,16,239,877,6,8,1994,66,719,5
Ronald Moore,24,RB,16,16,232,780,4,2,1994,8,52,1
Barry Foster,26,RB,11,10,216,851,5,0,1994,20,124,0
Bernie Parmalee,27,RB,15,10,216,868,6,5,1994,34,249,1
Bam Morris,22,rb,15,6,198,836,7,3,1994,22,204,0
Lorenzo White,28,RB,15,8,191,757,3,2,1994,21,188,1
Leonard Russell,25,RB,14,13,190,620,9,4,1994,38,227,0
Marcus Allen,34,RB,13,13,189,709,7,3,1994,42,349,0
Ricky Ervins,26,RB,16,10,185,650,3,1,1994,51,293,1
Craig Heyward,28,RB,16,11,183,779,7,5,1994,32,335,1
Gary Brown,25,rb,12,8,169,648,4,6,1994,18,194,1
Reggie Cobb,26,RB,16,13,153,579,3,1,1994,35,299,1
Mario Bates,21,rb,11,7,151,579,6,3,1994,8,62,0
Derek Brown,23,RB,16,9,146,489,3,4,1994,44,428,1
Herschel Walker,32,RB,16,14,113,528,5,4,1994,50,500,2
Erric Pegram,25,rb,13,5,103,358,1,2,1994,16,99,0
Reggie Brooks,23,rb,13,5,100,297,2,3,1994,13,68,0
Eric Metcalf,26,RB,16,8,93,329,2,6,1994,47,436,3
Vince Workman,26,rb,15,8,79,291,0,2,1994,11,82,0
Harold Green,26,RB,14,11,76,223,1,1,1994,27,267,1
Glyn Milburn,23,rb,16,3,58,201,1,4,1994,77,549,3
Tyrone Montgomery,24,rb,6,6,36,97,0,2,1994,8,126,1
James Jones,25,ldt,16,5,1,0,0,0,1994,1,1,0
Emmitt Smith,26,RB,16,16,377,1773,25,7,1995,62,375,0
Curtis Martin,22,RB,16,15,368,1487,14,5,1995,30,261,1
Terry Allen,27,RB,16,16,338,1309,10,6,1995,31,232,1
Ricky Watters,26,RB,16,16,337,1273,11,6,1995,62,434,1
Errict Rhett,25,RB,16,16,332,1207,11,2,1995,14,110,0
Barry Sanders,27,RB,16,16,314,1500,11,3,1995,48,398,1
Chris Warren,27,RB,16,16,310,1346,15,5,1995,35,247,1
Rodney Hampton,26,RB,16,15,306,1182,10,5,1995,24,142,0
Rashaan Salaam,21,RB,16,11,296,1074,10,9,1995,7,56,0
Marshall Faulk,22,RB,16,16,289,1078,11,8,1995,56,475,3
Garrison Hearst,24,RB,16,15,284,1070,1,12,1995,29,243,1
Thurman Thomas,29,RB,14,14,267,1005,6,6,1995,26,220,2
Harvey Williams,28,RB,16,16,255,1114,9,5,1995,54,375,0
Rodney Thomas,22,RB,16,10,251,947,5,8,1995,39,204,2
Mario Bates,22,RB,16,16,244,951,7,2,1995,18,114,0
Terrell Davis,23,RB,14,14,237,1117,7,5,1995,49,367,1
Craig Heyward,29,RB,16,16,236,1083,6,3,1995,37,350,2
Bernie Parmalee,28,RB,16,12,236,878,9,5,1995,39,345,1
Derek Loville,27,RB,16,16,218,723,10,1,1995,87,662,3
Erric Pegram,26,RB,15,11,213,813,5,9,1995,26,206,1
Marcus Allen,35,RB,16,15,207,890,5,2,1995,27,210,0
Derrick Moore,28,RB,13,10,195,740,4,4,1995,4,12,0
Adrian Murrell,25,RB,15,9,192,795,1,2,1995,71,465,2
Natrone Means,23,RB,10,9,186,730,5,2,1995,7,46,0
Jerome Bettis,23,RB,15,13,183,637,3,4,1995,18,106,0
Darick Holmes,24,rb,16,2,172,698,4,4,1995,24,214,0
Harold Green,27,RB,15,15,171,661,2,2,1995,27,182,1
Greg Hill,23,rb,16,1,155,667,1,2,1995,7,45,0
Robert Smith,23,RB,9,7,139,632,5,1,1995,7,35,0
James Stewart,24,RB,14,8,137,525,2,1,1995,21,190,1
James Stewart,24,RB,14,8,137,525,2,1,1995,1,3,0
Leroy Hoard,27,RB,12,12,136,547,0,5,1995,13,103,0
Scottie Graham,26,rb,16,6,110,406,2,0,1995,4,30,0
Dorsey Levens,25,RB,15,12,36,120,3,0,1995,48,434,4
Ricky Watters,27,RB,16,16,353,1411,13,5,1996,51,444,0
Terry Allen,28,RB,16,16,347,1353,21,4,1996,32,194,0
Terrell Davis,24,RB,16,16,345,1538,13,5,1996,36,310,2
Eddie George,23,RB,16,16,335,1368,8,3,1996,23,182,0
Emmitt Smith,27,RB,15,15,327,1204,12,5,1996,47,249,3
Jerome Bettis,24,RB,16,12,320,1431,11,7,1996,22,122,0
Curtis Martin,23,RB,16,15,316,1152,14,4,1996,46,333,3
Karim AbdulJabbar,22,RB,16,14,307,1116,11,4,1996,23,139,0
Barry Sanders,28,RB,16,16,307,1553,11,4,1996,24,147,0
Adrian Murrell,26,RB,16,16,301,1249,6,6,1996,17,81,1
Anthony Johnson,29,RB,16,11,300,1120,6,2,1996,26,192,0
Thurman Thomas,30,RB,15,15,281,1033,8,1,1996,26,254,0
Rodney Hampton,27,RB,15,15,254,827,1,3,1996,15,82,0
Jamal Anderson,24,RB,16,12,232,1055,5,4,1996,49,473,1
Garrison Hearst,25,RB,16,12,225,847,0,1,1996,12,131,1
Edgar Bennett,27,RB,16,15,222,899,2,2,1996,31,176,1
Leonard Russell,27,RB,15,15,219,713,7,6,1996,13,180,0
Marcus Allen,36,RB,16,15,206,830,9,2,1996,27,270,0
Chris Warren,28,RB,14,14,203,855,5,3,1996,40,273,0
Marshall Faulk,23,RB,13,13,198,587,7,2,1996,56,428,0
Raymont Harris,26,RB,12,10,194,748,4,3,1996,32,296,1
Lawrence Phillips,21,RB,15,11,193,632,4,2,1996,8,28,1
James Stewart,25,RB,13,11,190,723,8,2,1996,30,177,2
Darick Holmes,25,rb,16,1,189,571,4,2,1996,16,102,1
Errict Rhett,26,RB,9,7,176,539,3,3,1996,4,11,1
Bam Morris,24,rb,11,7,172,737,4,0,1996,25,242,1
Mario Bates,23,RB,14,10,164,584,4,4,1996,13,44,0
Robert Smith,24,RB,8,7,162,692,3,2,1996,7,39,0
Earnest Byner,34,RB,16,8,159,634,4,1,1996,30,270,1
Lamar Smith,26,rb,16,2,153,680,8,4,1996,9,58,0
Natrone Means,24,rb,14,4,152,507,2,3,1996,7,45,1
Napoleon Kaufman,23,RB,16,9,150,874,1,3,1996,22,143,1
Rashaan Salaam,22,rb,12,6,143,496,3,3,1996,7,44,1
LeShon Johnson,25,RB,15,8,141,634,3,5,1996,15,176,1
Terry Kirby,26,RB,14,10,134,559,3,1,1996,52,439,1
Harold Green,28,rb,16,5,127,523,4,2,1996,37,246,1
Harvey Williams,29,rb,13,5,121,431,0,3,1996,22,143,0
Leeland McElroy,22,rb,16,6,89,305,1,3,1996,5,41,1
Craig Heyward,30,rb,15,5,72,321,3,0,1996,16,168,0
Derek Loville,28,rb,12,6,70,229,2,0,1996,16,138,2
Jerome Bettis,25,RB,15,15,375,1665,7,6,1997,15,110,2
Terrell Davis,25,RB,15,15,369,1750,15,4,1997,42,287,0
Eddie George,24,RB,16,16,357,1399,6,4,1997,7,44,1
Barry Sanders,29,RB,16,16,335,2053,11,3,1997,33,305,3
Dorsey Levens,27,RB,16,16,329,1435,7,5,1997,53,370,5
Adrian Murrell,27,RB,16,15,300,1086,7,4,1997,27,106,0
Jamal Anderson,25,RB,16,15,290,1002,7,4,1997,29,284,3
Ricky Watters,28,RB,16,16,285,1110,7,3,1997,48,440,0
Karim AbdulJabbar,23,RB,16,14,283,892,15,3,1997,29,261,1
Raymont Harris,27,RB,13,13,275,1033,10,1,1997,28,115,0
Curtis Martin,24,RB,13,13,274,1160,4,3,1997,41,296,1
Napoleon Kaufman,24,RB,16,16,272,1294,6,7,1997,40,403,2
Marshall Faulk,24,RB,16,16,264,1054,7,5,1997,47,471,1
Emmitt Smith,28,RB,16,16,261,1074,4,1,1997,40,234,0
Gary Brown,28,RB,15,14,253,945,4,2,1997,21,137,0
Natrone Means,25,RB,14,11,244,823,9,5,1997,15,104,0
Garrison Hearst,26,RB,13,13,234,1019,4,2,1997,21,194,2
Corey Dillon,23,RB,16,6,233,1129,10,1,1997,27,259,0
Robert Smith,25,RB,14,14,232,1266,6,0,1997,37,197,1
Warrick Dunn,22,RB,16,10,224,978,4,4,1997,39,462,3
Terry Allen,29,RB,10,10,210,724,4,2,1997,20,172,1
Bam Morris,25,RB,11,8,204,774,4,4,1997,29,176,0
Chris Warren,29,RB,15,13,200,847,4,2,1997,45,257,0
Fred Lane,22,RB,13,7,182,809,7,4,1997,8,27,0
Greg Hill,25,RB,16,16,157,550,0,1,1997,12,126,0
Thurman Thomas,31,RB,16,16,154,643,1,2,1997,30,208,0
Tyrone Wheatley,25,RB,14,7,152,583,4,3,1997,16,140,0
Stephen Davis,23,rb,14,6,141,567,3,1,1997,18,134,0
Tiki Barber,22,rb,12,6,136,511,3,3,1997,34,299,1
James Stewart,26,rb,16,5,136,555,8,0,1997,41,336,1
Leeland McElroy,23,RB,14,8,135,424,2,3,1997,7,32,0
KiJana Carter,24,rb,15,10,128,464,7,3,1997,21,157,0
Mario Bates,24,RB,12,7,119,440,4,2,1997,5,42,0
Jerald Moore,23,rb,9,5,104,380,3,4,1997,8,69,0
Anthony Johnson,30,rb,16,7,97,358,0,2,1997,21,158,1
Earnest Byner,35,rb,16,5,84,313,0,2,1997,21,128,0
Troy Davis,22,rb,16,7,75,271,0,3,1997,13,85,0
Jamal Anderson,26,RB,16,16,410,1846,14,5,1998,27,319,2
Terrell Davis,26,RB,16,16,392,2008,21,2,1998,25,217,2
Curtis Martin,25,RB,15,15,369,1287,8,5,1998,43,365,1
Eddie George,25,RB,16,16,348,1294,5,7,1998,37,310,1
Barry Sanders,30,RB,16,16,343,1491,4,3,1998,37,289,0
Marshall Faulk,25,RB,16,15,324,1319,6,3,1998,86,908,4
Emmitt Smith,29,RB,16,16,319,1332,13,3,1998,27,175,2
Ricky Watters,29,RB,16,16,319,1239,9,4,1998,52,373,0
Jerome Bettis,26,RB,15,15,316,1185,3,2,1998,16,90,0
Garrison Hearst,27,RB,16,16,310,1570,7,4,1998,39,535,2
Antowain Smith,26,RB,16,14,300,1124,8,5,1998,5,11,0
Robert Edwards,24,RB,16,15,291,1115,9,5,1998,35,331,3
Adrian Murrell,28,RB,15,14,274,1042,8,6,1998,18,169,2
Karim AbdulJabbar,24,RB,15,15,270,960,6,2,1998,21,102,0
Fred Taylor,22,RB,15,12,264,1223,14,3,1998,44,421,3
Corey Dillon,24,RB,15,15,262,1130,4,2,1998,28,178,1
Duce Staley,23,RB,16,13,258,1065,5,2,1998,57,432,1
Robert Smith,26,RB,14,14,249,1187,6,1,1998,28,291,2
Gary Brown,29,RB,16,11,247,1063,5,1,1998,13,36,0
Warrick Dunn,23,RB,16,14,245,1026,2,1,1998,44,344,0
Priest Holmes,25,RB,16,13,233,1008,7,3,1998,43,260,0
Napoleon Kaufman,25,RB,13,13,217,921,2,2,1998,25,191,0
Natrone Means,26,RB,10,10,212,883,5,2,1998,16,91,0
Fred Lane,23,RB,14,11,205,717,5,4,1998,12,85,0
Edgar Bennett,29,RB,16,13,173,611,2,2,1998,28,209,0
Terrell Fletcher,25,rb,12,5,153,543,5,1,1998,30,188,0
Terry Allen,30,RB,10,10,148,700,2,4,1998,17,128,0
Donnell Bennett,26,RB,16,10,148,527,5,4,1998,16,91,1
Lamar Smith,28,RB,14,9,138,457,1,4,1998,24,249,2
Skip Hicks,24,rb,9,5,122,433,8,0,1998,4,23,0
Robert Holcombe,23,RB,13,6,98,230,2,0,1998,6,34,0
Travis Jervey,26,RB,8,5,83,325,1,0,1998,9,33,0
Edgerrin James,21,RB,16,16,369,1553,13,8,1999,62,586,4
Curtis Martin,26,RB,16,16,367,1464,5,2,1999,45,259,0
Emmitt Smith,30,RB,15,15,329,1397,11,5,1999,27,119,2
Duce Staley,24,RB,16,16,325,1273,4,5,1999,41,294,2
Ricky Watters,30,RB,16,16,325,1210,5,4,1999,40,387,2
Eddie George,26,RB,16,16,320,1304,9,5,1999,47,458,4
Jerome Bettis,27,RB,16,16,299,1091,7,2,1999,21,110,0
Stephen Davis,25,RB,14,14,290,1405,17,4,1999,23,111,0
Curtis Enis,23,RB,15,12,287,916,3,4,1999,45,340,2
Dorsey Levens,29,RB,14,14,279,1034,9,5,1999,71,573,1
Olandis Gary,24,RB,12,12,276,1159,7,2,1999,21,159,0
Corey Dillon,25,RB,15,15,263,1200,5,3,1999,31,290,1
Terry Allen,31,RB,16,13,254,896,8,8,1999,14,125,1
Marshall Faulk,26,RB,16,16,253,1381,7,2,1999,87,1048,5
Ricky Williams,22,RB,12,12,253,884,2,6,1999,28,172,0
James Stewart,28,RB,14,7,249,931,13,4,1999,21,108,0
Tyrone Wheatley,27,RB,16,9,242,936,8,3,1999,21,196,3
Charlie Garner,27,RB,16,15,241,1229,4,4,1999,56,535,2
Errict Rhett,29,RB,16,10,236,852,5,0,1999,24,169,2
Robert Smith,27,RB,13,12,221,1015,2,1,1999,24,166,0
Jonathan Linton,25,RB,16,2,205,695,5,4,1999,29,228,1
Warrick Dunn,24,RB,15,15,195,616,0,3,1999,64,589,2
Adrian Murrell,29,RB,16,12,193,553,0,4,1999,49,335,0
Antowain Smith,27,rb,14,11,165,614,6,4,1999,2,32,0
JJ Johnson,25,rb,13,4,164,558,4,2,1999,15,100,0
Donnell Bennett,27,rb,15,1,161,627,8,1,1999,10,41,0
Fred Taylor,23,rb,10,9,159,732,6,0,1999,10,83,0
Greg Hill,27,RB,14,8,144,542,2,1,1999,13,77,0
Ken Oxendine,24,RB,12,9,141,452,1,5,1999,17,172,1
Tim Biakabutuka,25,RB,11,11,138,718,6,3,1999,23,189,0
Napoleon Kaufman,26,rb,16,5,138,714,2,3,1999,18,181,1
Cecil Collins,23,RB,8,6,131,414,2,2,1999,6,32,0
Terry Kirby,29,RB,16,10,130,452,6,4,1999,58,528,3
Bam Morris,27,RB,12,8,120,414,3,3,1999,7,37,0
Fred Lane,24,rb,15,5,115,475,1,1,1999,23,163,0
Natrone Means,27,RB,7,5,112,277,4,0,1999,9,51,1
Kenny Bynum,25,rb,16,5,92,287,1,3,1999,16,209,2
Ron Rivers,28,rb,7,6,82,295,0,0,1999,22,173,1
Rashaan Shehee,24,rb,9,5,65,238,1,1,1999,18,136,0
Eddie George,27,RB,16,16,403,1509,14,5,2000,50,453,2
Edgerrin James,22,RB,16,16,387,1709,13,5,2000,63,594,5
Jerome Bettis,28,RB,16,16,355,1341,8,1,2000,13,97,0
James Stewart,29,RB,16,16,339,1184,10,4,2000,32,287,1
Stephen Davis,26,RB,15,15,332,1318,11,4,2000,33,313,0
Curtis Martin,27,RB,16,16,316,1204,9,2,2000,70,508,2
Corey Dillon,26,RB,16,16,315,1435,7,4,2000,18,158,0
Jamal Lewis,21,RB,16,13,309,1364,6,6,2000,27,296,0
Lamar Smith,30,RB,15,15,309,1139,14,3,2000,31,201,2
Mike Anderson,27,RB,16,12,297,1487,15,4,2000,23,169,0
Robert Smith,28,RB,16,16,295,1521,7,4,2000,36,348,3
Emmitt Smith,31,RB,16,16,294,1203,9,6,2000,11,79,0
Fred Taylor,24,RB,13,13,292,1399,12,4,2000,36,240,2
James Allen,25,RB,16,15,290,1120,2,5,2000,39,291,1
Jamal Anderson,28,RB,16,16,282,1024,6,6,2000,42,382,0
Ricky Watters,31,RB,16,16,278,1242,7,5,2000,63,613,2
Ahman Green,23,RB,16,11,263,1175,10,6,2000,73,559,3
Charlie Garner,28,RB,16,15,258,1142,7,4,2000,68,647,3
Marshall Faulk,27,RB,14,14,253,1359,18,0,2000,81,830,8
Warrick Dunn,25,RB,16,14,248,1133,8,1,2000,44,422,1
Ricky Williams,23,RB,10,10,248,1000,8,6,2000,44,409,1
Tyrone Wheatley,28,RB,14,13,232,1046,9,4,2000,20,156,1
Ron Dayne,22,rb,16,4,228,770,5,1,2000,3,11,0
Tiki Barber,25,RB,16,12,213,1006,8,9,2000,70,719,1
Michael Pittman,25,RB,16,12,184,719,4,5,2000,73,579,2
Tim Biakabutuka,26,RB,12,11,173,627,2,4,2000,34,341,2
Travis Prentice,24,RB,16,11,173,512,7,2,2000,37,191,1
Kevin Faulk,24,RB,16,9,164,570,4,6,2000,51,465,1
Shawn Bryson,24,rb,16,7,161,591,0,1,2000,32,271,2
JR Redmond,23,rb,12,5,125,406,1,2,2000,20,126,2
Jermaine Fazande,25,RB,13,7,119,368,2,1,2000,16,104,0
Terrell Fletcher,27,rb,16,6,116,384,3,2,2000,48,355,1
Darnell Autry,24,RB,11,7,112,334,3,2,2000,24,275,1
Sammy Morris,23,RB,12,8,93,341,5,2,2000,37,268,1
Duce Staley,25,rb,5,5,79,344,1,3,2000,25,201,0
Dorsey Levens,30,rb,5,5,77,224,3,0,2000,16,146,0
Kimble Anders,34,RB,15,7,76,331,2,1,2000,15,76,0
Stephen Davis,27,RB,16,16,356,1432,5,6,2001,28,205,0
Corey Dillon,27,RB,16,16,340,1315,10,5,2001,34,228,3
LaDainian Tomlinson,22,RB,16,16,339,1236,10,8,2001,59,367,0
Curtis Martin,28,RB,16,16,333,1513,10,2,2001,53,320,0
Priest Holmes,28,RB,16,16,327,1555,8,4,2001,62,614,2
Eddie George,28,RB,16,16,315,939,5,8,2001,37,279,0
Lamar Smith,31,RB,16,16,313,968,6,6,2001,30,234,2
Ricky Williams,24,RB,16,16,313,1245,6,8,2001,60,511,1
Shaun Alexander,24,RB,16,12,309,1318,14,4,2001,44,343,2
Ahman Green,24,RB,16,16,304,1387,9,5,2001,62,594,2
Antowain Smith,29,RB,16,15,287,1157,12,4,2001,19,192,1
Anthony Thomas,24,RB,14,10,278,1183,7,0,2001,22,178,0
Emmitt Smith,32,RB,14,14,261,1021,3,1,2001,17,116,0
Marshall Faulk,28,RB,14,14,260,1382,12,3,2001,83,765,9
Garrison Hearst,30,RB,16,16,252,1206,4,1,2001,41,347,1
Michael Pittman,26,RB,15,14,241,846,5,5,2001,42,264,0
Maurice Smith,25,RB,16,12,237,760,5,1,2001,19,230,1
Dominic Rhodes,22,RB,15,10,233,1104,9,6,2001,34,224,0
Jerome Bettis,29,RB,11,11,225,1072,4,3,2001,8,48,0
Travis Henry,23,RB,13,12,213,729,4,5,2001,22,179,0
Stacey Mack,26,RB,16,11,213,877,9,3,2001,23,165,1
Charlie Garner,29,RB,16,16,211,839,1,2,2001,72,578,2
James Jackson,25,RB,11,10,195,554,2,1,2001,7,56,0
Ron Dayne,23,rb,16,7,180,690,7,2,2001,8,67,0
Mike Anderson,28,rb,16,7,175,678,4,1,2001,8,46,0
Michael Bennett,23,RB,13,13,172,682,2,0,2001,29,226,1
Terry Allen,33,RB,11,8,168,658,3,1,2001,17,68,0
Terrell Davis,29,RB,8,8,167,701,0,2,2001,12,69,0
Tiki Barber,26,RB,14,9,166,865,4,8,2001,72,577,0
Duce Staley,26,RB,13,10,166,604,2,3,2001,63,626,2
Richard Huntley,29,RB,14,9,165,665,2,3,2001,21,101,1
Warrick Dunn,26,RB,13,12,158,447,3,2,2001,68,557,3
Jason Brookins,25,rb,12,3,151,551,5,3,2001,6,45,0
Edgerrin James,23,rb,6,6,151,662,3,3,2001,24,193,0
James Stewart,30,RB,11,10,143,685,1,0,2001,23,242,1
James Allen,26,rb,16,7,135,469,1,1,2001,30,203,1
Correll Buckhalter,23,rb,15,6,129,586,2,2,2001,13,130,0
Jamel White,24,rb,16,7,126,443,5,1,2001,44,418,1
Chris FuamatuMaafala,24,rb,16,5,120,453,3,0,2001,16,127,1
Ricky Williams,25,RB,16,16,383,1853,16,7,2002,47,363,1
Ricky Williams,25,RB,16,16,383,1853,16,7,2002,1,20,1
LaDainian Tomlinson,23,RB,16,16,372,1683,14,3,2002,79,489,1
Eddie George,29,RB,16,16,343,1165,12,1,2002,36,255,2
Travis Henry,24,RB,16,16,325,1438,13,11,2002,43,309,1
Deuce McAllister,24,RB,15,15,325,1388,13,4,2002,47,352,3
Corey Dillon,28,RB,16,16,314,1311,7,5,2002,43,298,0
Priest Holmes,29,RB,14,14,313,1615,21,1,2002,70,672,3
Jamal Lewis,23,RB,16,15,308,1327,6,8,2002,47,442,1
Tiki Barber,27,RB,16,15,304,1387,11,9,2002,69,597,0
Shaun Alexander,25,RB,16,16,295,1175,16,3,2002,59,460,2
Fred Taylor,26,RB,16,16,287,1314,8,3,2002,49,408,0
Ahman Green,25,RB,14,14,286,1240,7,4,2002,57,393,2
Edgerrin James,24,RB,14,14,277,989,2,4,2002,61,354,1
Clinton Portis,21,RB,16,12,273,1508,15,5,2002,33,364,2
Duce Staley,27,RB,16,16,269,1029,5,3,2002,51,541,3
Curtis Martin,29,RB,16,16,261,1094,7,0,2002,49,362,0
Michael Bennett,24,RB,16,16,255,1296,5,4,2002,37,351,1
Emmitt Smith,33,RB,16,16,254,975,5,3,2002,16,89,0
Antowain Smith,30,RB,16,15,252,982,6,2,2002,31,243,2
William Green,23,RB,16,10,243,887,6,4,2002,16,113,0
James Stewart,31,RB,14,9,231,1021,4,0,2002,46,333,2
Warrick Dunn,27,RB,15,14,230,927,7,4,2002,50,377,2
Garrison Hearst,31,RB,16,16,215,972,8,4,2002,48,317,1
Anthony Thomas,25,RB,12,12,214,721,6,5,2002,24,163,0
Marshall Faulk,29,RB,14,10,212,953,8,4,2002,80,537,2
Lamar Smith,32,RB,11,11,209,737,7,2,2002,20,167,0
Stephen Davis,28,RB,12,12,207,820,7,4,2002,23,142,1
Michael Pittman,27,RB,16,15,204,718,1,3,2002,59,477,0
Jonathan Wells,23,RB,16,11,197,529,3,3,2002,9,48,0
Amos Zereoue,26,rb,16,5,193,762,4,2,2002,42,341,0
Marcel Shipp,24,rb,15,6,188,834,6,4,2002,38,413,3
Jerome Bettis,30,RB,13,11,187,666,9,1,2002,7,57,0
Charlie Garner,30,RB,16,15,182,962,7,0,2002,91,941,4
James Allen,27,rb,16,5,155,519,0,1,2002,47,302,0
Thomas Jones,24,RB,9,9,138,511,2,3,2002,20,113,0
Jamel White,25,rb,14,6,106,470,3,0,2002,63,452,0
Lamar Gordon,22,rb,13,5,65,228,1,4,2002,30,278,2
Ricky Williams,26,RB,16,16,392,1372,9,7,2003,50,351,1
Ricky Williams,26,RB,16,16,392,1372,9,7,2003,22,157,1
Jamal Lewis,24,RB,16,16,387,2066,14,8,2003,26,205,0
Ahman Green,26,RB,16,16,355,1883,15,7,2003,50,367,5
Deuce McAllister,25,RB,16,16,351,1641,8,6,2003,69,516,0
Fred Taylor,27,RB,16,16,345,1572,6,6,2003,48,370,1
Travis Henry,25,RB,15,15,331,1356,10,7,2003,28,158,1
Shaun Alexander,26,RB,16,15,326,1435,14,4,2003,42,295,2
Curtis Martin,30,RB,16,16,323,1308,2,2,2003,42,262,0
Priest Holmes,30,RB,16,16,320,1420,27,1,2003,74,690,0
Stephen Davis,29,RB,14,14,318,1444,8,3,2003,14,159,0
LaDainian Tomlinson,24,RB,16,16,313,1645,13,2,2003,100,725,4
Eddie George,30,RB,16,16,312,1031,5,1,2003,22,163,0
Edgerrin James,25,RB,13,13,310,1259,11,5,2003,51,292,0
Clinton Portis,22,RB,13,13,290,1591,14,3,2003,38,314,0
Tiki Barber,28,RB,16,16,278,1216,2,9,2003,69,461,1
Troy Hambrick,27,RB,16,16,275,972,5,4,2003,17,99,0
Jerome Bettis,31,RB,16,10,246,811,7,5,2003,13,86,0
Anthony Thomas,26,RB,13,13,244,1024,6,1,2003,9,36,0
Domanick Williams,23,RB,14,10,238,1031,8,4,2003,47,351,0
Marcel Shipp,25,RB,16,11,228,830,0,3,2003,30,184,0
Rudi Johnson,24,RB,13,5,215,957,9,0,2003,21,146,0
Marshall Faulk,30,RB,11,11,209,818,10,0,2003,45,290,1
Kevan Barlow,24,rb,16,4,201,1024,6,5,2003,35,307,1
TJ Duckett,22,RB,16,10,197,779,11,3,2003,11,94,0
Michael Pittman,28,RB,16,13,187,751,0,4,2003,75,597,2
Antowain Smith,31,rb,13,6,182,642,3,1,2003,14,92,0
Kevin Faulk,27,RB,15,8,178,638,0,4,2003,48,440,0
Garrison Hearst,32,RB,12,12,178,768,3,2,2003,25,211,1
Moe Williams,29,RB,16,7,174,745,5,2,2003,65,644,3
Tyrone Wheatley,31,rb,15,5,159,678,4,2,2003,12,120,0
Shawn Bryson,27,RB,16,13,158,606,3,2,2003,54,340,0
Trung Canidate,26,RB,11,10,142,600,1,1,2003,10,71,1
William Green,24,RB,7,7,142,559,1,5,2003,10,50,0
Corey Dillon,29,rb,13,11,138,541,2,0,2003,11,71,0
Amos Zereoue,27,rb,16,6,132,433,2,0,2003,40,310,0
Correll Buckhalter,25,rb,15,5,126,542,8,3,2003,10,133,1
Warrick Dunn,28,rb,11,6,125,672,3,2,2003,37,336,2
Charlie Garner,31,RB,14,9,120,553,3,1,2003,48,386,1
Brian Westbrook,24,RB,15,8,117,613,7,3,2003,37,332,4
James Jackson,27,rb,12,6,102,382,3,3,2003,14,114,0
Stacey Mack,28,rb,8,5,93,253,4,2,2003,9,55,0
Michael Bennett,25,rb,8,7,90,447,1,2,2003,12,132,0
Emmitt Smith,34,rb,10,5,90,256,2,2,2003,14,107,0
Curtis Martin,31,RB,16,16,371,1697,12,2,2004,41,245,2
Rudi Johnson,25,RB,16,16,361,1454,12,4,2004,15,84,0
Shaun Alexander,27,RB,16,16,353,1696,16,5,2004,23,170,4
Corey Dillon,30,RB,15,14,345,1635,12,5,2004,15,103,1
Clinton Portis,23,RB,15,15,343,1315,5,5,2004,40,235,2
LaDainian Tomlinson,25,RB,15,15,339,1335,17,6,2004,53,441,1
Edgerrin James,26,RB,16,16,334,1548,9,6,2004,51,483,0
Tiki Barber,29,RB,16,14,322,1518,13,5,2004,52,578,2
Domanick Williams,24,RB,15,15,302,1188,13,4,2004,68,588,1
Willis McGahee,23,RB,16,11,284,1128,13,4,2004,22,169,0
Reuben Droughns,26,RB,16,15,275,1240,6,5,2004,32,241,2
Deuce McAllister,26,RB,14,14,269,1074,9,5,2004,34,228,0
Emmitt Smith,35,RB,15,15,267,937,9,4,2004,15,105,0
Warrick Dunn,29,RB,16,16,265,1106,9,3,2004,29,294,0
Fred Taylor,28,RB,14,14,260,1224,2,3,2004,36,345,1
Ahman Green,27,RB,15,15,259,1163,7,7,2004,40,275,1
Jerome Bettis,32,RB,15,6,250,941,13,1,2004,6,46,0
Kevan Barlow,25,RB,15,14,244,822,7,2,2004,35,212,0
Kevin Jones,22,RB,15,14,241,1133,5,2,2004,28,180,1
Thomas Jones,26,RB,14,14,240,948,7,2,2004,56,427,0
Jamal Lewis,25,RB,12,12,235,1006,7,2,2004,10,116,0
Chris Brown,23,RB,11,11,220,1067,6,6,2004,20,147,0
Michael Pittman,29,RB,13,13,219,926,7,6,2004,41,391,3
Nick Goings,26,RB,16,8,217,821,6,1,2004,45,394,1
Lee Suggs,24,rb,10,3,199,744,2,6,2004,20,178,1
Julius Jones,23,RB,8,7,197,819,7,3,2004,17,109,0
Priest Holmes,31,RB,8,8,196,892,14,4,2004,19,187,1
Marshall Faulk,31,RB,14,14,195,774,3,2,2004,50,310,1
Duce Staley,29,rb,10,10,192,830,1,3,2004,6,55,0
Brian Westbrook,25,RB,13,12,177,812,3,1,2004,73,703,6
William Green,25,RB,15,13,163,585,2,3,2004,14,84,0
Chester Taylor,25,rb,16,4,160,714,2,1,2004,30,184,0
Eddie George,31,rb,13,8,132,432,4,3,2004,9,83,0
Sammy Morris,27,RB,13,8,132,523,6,1,2004,22,124,0
Onterrio Smith,24,rb,11,6,124,544,2,2,2004,36,394,2
Derrick Blaylock,25,rb,12,5,118,539,8,0,2004,25,246,1
Amos Zereoue,28,rb,15,6,112,425,3,1,2004,39,284,0
Travis Henry,26,rb,10,5,94,326,0,0,2004,10,45,0
Dorsey Levens,34,rb,15,5,94,410,4,0,2004,9,92,0
Tyrone Wheatley,32,RB,8,7,85,327,4,0,2004,15,78,0
Michael Bennett,26,RB,11,7,70,276,1,1,2004,21,207,1
Shaun Alexander,28,RB,16,16,370,1880,27,5,2005,15,78,1
Edgerrin James,27,RB,15,15,360,1506,13,2,2005,44,337,1
Tiki Barber,30,RB,16,16,357,1860,9,1,2005,54,530,2
Clinton Portis,24,RB,16,16,352,1516,11,3,2005,30,216,0
LaDainian Tomlinson,26,RB,16,16,339,1462,18,3,2005,51,370,2
Rudi Johnson,26,RB,16,14,337,1458,12,1,2005,23,90,0
Larry Johnson,26,RB,16,9,336,1750,20,5,2005,33,343,1
Willis McGahee,24,RB,16,15,325,1247,5,1,2005,28,178,0
Thomas Jones,27,RB,15,15,314,1335,9,2,2005,26,143,0
Reuben Droughns,27,RB,16,16,309,1232,2,6,2005,39,369,0
Cadillac Williams,23,RB,14,14,290,1178,6,3,2005,20,81,0
Warrick Dunn,30,RB,16,16,280,1416,3,3,2005,29,220,1
LaMont Jordan,27,RB,14,14,272,1025,9,2,2005,70,563,2
Jamal Lewis,26,RB,15,15,269,906,3,5,2005,32,191,1
Julius Jones,24,RB,13,12,257,993,5,4,2005,35,218,0
Willie Parker,25,RB,15,15,255,1202,4,4,2005,18,218,1
Steven Jackson,22,RB,15,15,254,1046,8,3,2005,43,320,2
Mike Anderson,32,RB,15,15,239,1014,12,2,2005,18,212,1
Domanick Williams,25,RB,11,11,230,976,2,2,2005,39,337,4
Chris Brown,24,RB,15,14,224,851,5,4,2005,25,327,2
Curtis Martin,32,RB,12,12,220,735,5,2,2005,24,118,0
Corey Dillon,31,RB,12,10,209,733,12,1,2005,22,181,1
Ronnie Brown,24,RB,15,14,207,907,4,4,2005,32,232,1
DeShaun Foster,25,RB,15,5,205,879,2,2,2005,34,372,1
Fred Taylor,29,RB,11,11,194,787,3,0,2005,13,83,0
Kevin Jones,23,RB,13,13,186,664,5,2,2005,20,109,0
Stephen Davis,31,rb,13,11,180,549,12,2,2005,5,45,0
Kevan Barlow,26,RB,12,12,176,581,3,2,2005,31,241,0
Tatum Bell,24,rb,15,1,173,921,8,3,2005,18,104,0
Ricky Williams,28,rb,12,3,168,743,6,1,2005,17,93,0
Antowain Smith,33,RB,16,7,166,659,3,2,2005,12,46,0
Marcel Shipp,27,RB,15,11,157,451,0,4,2005,35,255,0
Brian Westbrook,26,RB,12,12,156,617,3,0,2005,61,616,4
Mewelde Moore,23,RB,16,8,155,662,1,2,2005,37,339,2
Samkon Gado,23,RB,8,5,143,582,6,4,2005,10,77,1
Michael Bennett,27,rb,16,6,126,473,3,5,2005,27,124,2
Priest Holmes,32,rb,7,7,119,451,6,1,2005,21,197,1
JJ Arrington,22,rb,15,5,112,370,2,1,2005,25,139,0
Deuce McAllister,27,rb,5,5,93,335,3,0,2005,17,117,0
Jonathan Wells,26,rb,15,6,90,325,4,1,2005,22,179,0
Ahman Green,28,rb,5,5,77,255,0,1,2005,19,147,0
Larry Johnson,27,RB,16,16,416,1789,17,2,2006,41,410,2
LaDainian Tomlinson,27,RB,16,16,348,1815,28,2,2006,56,508,3
Steven Jackson,23,RB,16,16,346,1528,13,4,2006,90,806,3
Rudi Johnson,27,RB,16,15,341,1309,12,6,2006,23,124,0
Edgerrin James,28,RB,16,16,337,1159,6,3,2006,38,217,0
Willie Parker,26,RB,16,16,337,1494,13,7,2006,31,222,3
Tiki Barber,31,RB,16,16,327,1662,5,3,2006,58,465,0
Jamal Lewis,27,RB,16,16,314,1132,9,4,2006,18,115,0
Frank Gore,23,RB,16,16,312,1695,8,6,2006,61,485,1
Chester Taylor,27,RB,15,15,303,1216,6,5,2006,42,288,0
Thomas Jones,28,RB,16,16,296,1210,6,1,2006,36,154,0
Warrick Dunn,31,RB,16,16,286,1140,4,1,2006,22,170,1
Travis Henry,28,RB,14,13,270,1211,7,3,2006,18,78,0
Julius Jones,25,RB,16,16,267,1084,4,1,2006,9,142,0
Ahman Green,29,RB,14,14,266,1059,5,4,2006,46,373,1
Willis McGahee,25,RB,14,14,259,990,6,4,2006,18,156,0
Shaun Alexander,29,RB,10,10,252,896,7,6,2006,12,48,0
Ladell Betts,27,RB,16,9,245,1154,4,6,2006,53,445,1
Deuce McAllister,28,RB,15,13,244,1057,10,3,2006,30,198,0
Ronnie Brown,25,RB,13,12,241,1008,5,4,2006,33,276,0
Brian Westbrook,27,RB,15,14,240,1217,7,2,2006,77,699,4
Tatum Bell,25,RB,13,13,233,1025,2,5,2006,24,115,0
Fred Taylor,30,RB,15,15,231,1146,5,3,2006,23,242,1
DeShaun Foster,26,RB,14,14,227,897,3,4,2006,32,159,0
Cadillac Williams,24,RB,14,14,225,798,1,3,2006,30,196,0
Reuben Droughns,28,RB,14,12,220,758,4,5,2006,27,169,0
Corey Dillon,32,RB,16,13,199,812,13,2,2006,15,147,0
Dominic Rhodes,27,RB,16,16,187,641,5,3,2006,36,251,0
Kevin Jones,24,RB,12,12,181,689,6,5,2006,61,520,2
Justin Fargas,26,rb,16,6,178,659,1,1,2006,13,91,0
Maurice JonesDrew,21,rb,16,1,166,941,13,1,2006,46,436,2
Maurice Morris,27,rb,16,8,161,604,0,1,2006,11,46,0
Mike Bell,23,rb,15,3,157,677,8,1,2006,20,158,0
Reggie Bush,21,rb,16,8,155,565,6,2,2006,88,742,2
Ron Dayne,28,rb,11,6,151,612,5,1,2006,14,77,0
Leon Washington,24,RB,16,8,151,650,4,3,2006,25,270,0
Clinton Portis,25,rb,8,7,127,523,7,0,2006,17,170,0
Wali Lundy,23,RB,14,8,124,476,4,1,2006,33,204,0
LaMont Jordan,28,RB,9,8,114,434,2,1,2006,10,74,0
Clinton Portis,26,RB,16,16,325,1262,11,6,2007,47,389,0
Edgerrin James,29,RB,16,16,324,1222,7,5,2007,24,204,0
Willie Parker,27,RB,15,15,321,1316,2,4,2007,23,164,0
LaDainian Tomlinson,28,RB,16,16,315,1474,15,0,2007,60,475,3
Thomas Jones,29,RB,16,14,310,1119,1,2,2007,28,217,1
LenDale White,23,RB,16,16,303,1110,7,5,2007,20,114,0
Jamal Lewis,28,RB,15,15,298,1304,9,4,2007,30,248,2
Willis McGahee,26,RB,15,15,294,1207,7,4,2007,43,231,1
Marshawn Lynch,21,RB,13,13,280,1115,7,2,2007,18,184,0
Brian Westbrook,28,RB,15,15,278,1333,7,2,2007,90,771,5
Joseph Addai,24,RB,15,15,261,1072,12,0,2007,41,364,3
Frank Gore,24,RB,15,15,260,1102,5,4,2007,53,436,1
DeShaun Foster,27,RB,16,16,247,876,3,7,2007,25,182,1
Adrian Peterson,22,RB,14,9,238,1341,12,4,2007,51,420,0
Adrian Peterson,22,RB,14,9,238,1341,12,4,2007,19,268,1
Steven Jackson,24,RB,12,12,237,1002,5,5,2007,38,271,1
Warrick Dunn,32,RB,16,15,227,720,4,2,2007,37,238,0
Fred Taylor,31,RB,15,15,223,1202,5,2,2007,9,58,0
Justin Fargas,27,RB,14,7,222,1009,4,3,2007,23,188,0
Earnest Graham,27,RB,15,10,222,898,10,1,2007,49,324,0
Shaun Alexander,30,RB,13,10,207,716,4,2,2007,14,76,1
Brandon Jacobs,25,RB,11,9,202,1009,4,5,2007,23,174,2
Cedric Benson,25,RB,11,11,196,674,4,3,2007,17,123,0
Ron Dayne,29,RB,13,8,194,773,6,1,2007,17,112,0
Ryan Grant,25,RB,15,7,188,956,8,1,2007,30,145,0
Laurence Maroney,22,rb,13,6,185,835,6,0,2007,4,116,0
Rudi Johnson,28,RB,11,9,170,497,3,3,2007,13,110,1
Travis Henry,29,rb,12,7,167,691,4,3,2007,7,65,0
Julius Jones,26,RB,16,16,164,588,2,0,2007,23,203,0
Larry Johnson,28,RB,8,8,158,559,3,1,2007,30,186,1
Reggie Bush,22,RB,12,10,157,581,4,8,2007,73,417,2
Chester Taylor,28,rb,14,8,157,844,7,5,2007,29,281,0
Kevin Jones,25,RB,13,10,153,581,8,2,2007,32,197,0
Adrian Peterson,28,rb,16,5,151,510,3,3,2007,51,420,0
Adrian Peterson,28,rb,16,5,151,510,3,3,2007,19,268,1
LaMont Jordan,29,rb,12,7,144,549,3,0,2007,28,247,0
Maurice Morris,28,rb,14,6,140,628,4,1,2007,23,213,1
Selvin Young,24,RB,15,8,140,729,1,2,2007,35,231,0
Jesse Chatman,28,rb,14,6,128,515,1,1,2007,27,161,0
Derrick Ward,27,rb,8,5,125,602,3,2,2007,26,179,1
Ronnie Brown,26,RB,7,7,119,602,4,0,2007,39,389,1
Aaron Stecker,32,rb,16,6,115,448,5,1,2007,36,211,0
Ahman Green,30,rb,6,5,70,260,2,0,2007,14,123,0
Kevin Faulk,31,RB,16,8,62,265,0,1,2007,47,383,1
Tatum Bell,26,rb,5,5,44,182,1,1,2007,14,63,0
Moran Norris,29,rb,16,5,7,17,0,0,2007,6,38,0
Michael Turner,26,RB,16,16,376,1699,17,3,2008,6,41,0
Adrian Peterson,23,RB,16,15,363,1760,10,9,2008,21,125,0
Adrian Peterson,23,RB,16,15,363,1760,10,9,2008,6,45,0
Clinton Portis,27,RB,16,16,342,1487,9,3,2008,28,218,0
Matt Forte,23,RB,16,16,316,1238,8,1,2008,63,477,4
Ryan Grant,26,RB,16,14,312,1203,4,4,2008,18,116,1
LaDainian Tomlinson,29,RB,16,16,292,1110,11,1,2008,52,426,1
Thomas Jones,30,RB,16,14,290,1312,13,2,2008,36,207,2
Jamal Lewis,29,RB,16,16,279,1002,4,2,2008,23,178,0
DeAngelo Williams,25,RB,16,16,273,1515,18,0,2008,22,121,2
Steve Slaton,22,RB,16,15,268,1282,9,3,2008,50,377,1
Steven Jackson,25,RB,12,11,253,1042,7,5,2008,40,379,1
Chris Johnson,23,RB,15,14,251,1228,9,1,2008,43,260,1
Marshawn Lynch,22,RB,15,15,250,1036,8,2,2008,47,300,1
Frank Gore,25,RB,14,14,240,1036,6,6,2008,43,373,2
Marion Barber III,25,RB,15,13,238,885,7,7,2008,52,417,2
Kevin Smith,22,RB,16,12,238,976,8,2,2008,39,286,0
Brian Westbrook,29,RB,14,14,233,936,9,2,2008,54,402,5
Brandon Jacobs,26,RB,13,13,219,1089,15,3,2008,6,36,0
Justin Fargas,28,RB,14,14,218,853,1,3,2008,10,52,0
Cedric Benson,26,RB,12,10,214,747,2,2,2008,20,185,0
Ronnie Brown,27,RB,16,13,214,916,10,1,2008,33,254,0
Willie Parker,28,RB,11,11,210,791,5,0,2008,3,13,0
LenDale White,24,rb,16,2,200,773,15,1,2008,5,16,0
Maurice JonesDrew,23,rb,16,3,197,824,12,6,2008,62,565,2
Larry Johnson,29,RB,12,12,193,874,5,5,2008,12,74,0
Warrick Dunn,33,rb,15,6,186,786,2,0,2008,47,330,0
Derrick Ward,28,rb,16,3,182,1025,2,2,2008,41,384,0
Willis McGahee,27,RB,13,8,170,671,7,3,2008,24,173,0
Ricky Williams,31,rb,16,3,160,659,4,5,2008,29,219,1
Julius Jones,27,RB,15,10,158,698,2,4,2008,14,66,0
Sammy Morris,31,RB,13,7,156,727,7,1,2008,17,161,0
Joseph Addai,25,RB,12,12,155,544,5,1,2008,25,206,2
Dominic Rhodes,29,rb,15,4,152,538,6,0,2008,45,302,3
Tim Hightower,22,rb,16,7,143,399,10,2,2008,34,237,0
Fred Taylor,32,RB,13,13,143,556,1,1,2008,16,98,0
Edgerrin James,30,RB,13,7,133,514,3,2,2008,12,85,0
Earnest Graham,28,RB,10,10,132,563,4,2,2008,23,174,0
Maurice Morris,29,rb,13,6,132,574,0,1,2008,19,136,2
Pierre Thomas,24,rb,15,5,129,625,9,1,2008,31,284,3
Darren McFadden,21,rb,13,5,113,499,4,3,2008,29,285,0
Deuce McAllister,30,rb,13,6,107,418,5,0,2008,18,128,1
Reggie Bush,23,RB,10,9,106,404,2,3,2008,52,440,4
Chris Perry,27,rb,13,6,104,269,2,5,2008,20,71,0
Peyton Hillis,22,RB,12,6,68,343,5,0,2008,14,179,1
Selvin Young,25,rb,8,5,61,303,1,1,2008,3,16,0
Chris Johnson,24,RB,16,16,358,2006,14,3,2009,50,503,2
Thomas Jones,31,RB,16,16,331,1402,14,2,2009,10,58,0
Steven Jackson,26,RB,15,15,324,1416,4,2,2009,51,322,0
Adrian Peterson,24,RB,16,15,314,1383,18,7,2009,43,436,0
Adrian Peterson,24,RB,16,15,314,1383,18,7,2009,2,11,0
Maurice JonesDrew,24,RB,16,16,312,1391,15,2,2009,53,374,1
Cedric Benson,27,RB,13,13,301,1251,6,1,2009,17,111,0
Ryan Grant,27,RB,16,16,282,1253,11,1,2009,25,197,0
Matt Forte,24,RB,16,16,258,929,4,6,2009,57,471,0
Ray Rice,22,RB,16,15,254,1339,7,3,2009,78,702,1
Knowshon Moreno,22,RB,16,9,247,947,7,4,2009,28,213,2
Rashard Mendenhall,22,RB,16,12,242,1108,7,3,2009,25,261,1
Ricky Williams,32,rb,16,7,241,1121,11,5,2009,35,264,2
Fred Jackson,28,RB,16,11,237,1062,2,4,2009,46,371,2
Frank Gore,26,RB,14,14,229,1120,10,4,2009,52,406,3
Brandon Jacobs,27,RB,15,15,224,835,5,2,2009,18,184,1
LaDainian Tomlinson,30,RB,14,14,223,730,12,2,2009,20,154,0
Jonathan Stewart,22,rb,16,3,221,1133,10,3,2009,18,139,1
Joseph Addai,26,RB,15,15,219,828,10,1,2009,51,336,3
Kevin Smith,23,RB,13,13,217,747,4,3,2009,41,415,1
DeAngelo Williams,26,RB,13,13,216,1117,7,3,2009,29,252,0
Marion Barber III,26,RB,15,15,214,932,7,2,2009,26,221,0
Cadillac Williams,27,RB,16,15,211,823,4,1,2009,28,217,3
Jerome Harrison,26,rb,14,7,194,862,5,2,2009,34,220,2
Laurence Maroney,24,rb,15,5,194,757,9,4,2009,14,99,0
Jamaal Charles,23,RB,15,10,190,1120,7,4,2009,40,297,1
Michael Turner,27,RB,11,11,178,871,10,4,2009,5,35,0
Julius Jones,28,RB,14,14,177,663,2,0,2009,35,232,2
Ahmad Bradshaw,23,rb,15,1,163,778,7,3,2009,21,207,0
Ronnie Brown,28,RB,9,9,147,648,8,1,2009,14,98,0
Pierre Thomas,25,rb,14,6,147,793,6,2,2009,39,302,2
Tim Hightower,23,RB,16,16,143,598,8,5,2009,63,428,0
Jamal Lewis,30,RB,9,8,143,500,0,0,2009,8,88,0
Steve Slaton,23,RB,11,10,131,437,3,7,2009,44,417,4
Clinton Portis,28,RB,8,8,124,494,1,1,2009,9,57,1
Michael Bush,25,RB,16,7,123,589,3,2,2009,17,105,0
Correll Buckhalter,31,rb,14,7,120,642,1,3,2009,31,240,0
Marshawn Lynch,23,rb,13,6,120,450,2,3,2009,28,179,0
Darren McFadden,22,rb,12,7,104,357,1,5,2009,21,245,0
Sammy Morris,32,rb,12,5,73,319,2,2,2009,19,180,0
Reggie Bush,24,RB,14,8,70,390,5,4,2009,47,335,3
Kevin Faulk,33,RB,15,7,62,335,2,1,2009,37,301,1
Brian Westbrook,30,RB,8,7,61,274,1,0,2009,25,181,1
Earnest Graham,29,rb,13,6,14,66,0,0,2009,14,109,0
Moran Norris,31,rb,16,7,14,41,1,1,2009,7,31,0
Michael Turner,28,RB,16,15,334,1371,12,2,2010,12,85,0
Steven Jackson,27,RB,16,16,330,1241,6,1,2010,46,383,0
Arian Foster,24,RB,16,13,327,1616,16,3,2010,66,604,2
Rashard Mendenhall,23,RB,16,16,324,1273,13,2,2010,23,167,0
Cedric Benson,28,RB,16,16,321,1111,7,7,2010,28,178,1
Chris Johnson,25,RB,16,16,316,1364,11,3,2010,44,245,1
Ray Rice,23,RB,16,14,307,1220,5,0,2010,63,556,1
Maurice JonesDrew,25,RB,14,14,299,1324,5,2,2010,34,317,2
Adrian Peterson,25,RB,15,15,283,1298,12,1,2010,36,341,1
Ahmad Bradshaw,24,RB,16,11,276,1235,8,7,2010,47,314,0
Peyton Hillis,24,RB,16,14,270,1177,11,8,2010,61,477,2
Thomas Jones,32,RB,16,10,245,896,6,3,2010,14,122,0
Matt Forte,25,RB,16,16,237,1069,6,3,2010,51,547,3
Jamaal Charles,24,rb,16,6,230,1467,5,3,2010,45,468,3
BenJarvus GreenEllis,25,RB,16,11,229,1008,13,0,2010,12,85,0
Darren McFadden,23,RB,13,13,223,1157,7,4,2010,47,507,3
Fred Jackson,29,RB,16,13,222,927,5,5,2010,31,215,2
LaDainian Tomlinson,31,RB,15,13,219,914,6,4,2010,52,368,0
LeSean McCoy,22,RB,15,13,207,1080,7,2,2010,78,592,2
Frank Gore,27,RB,11,11,203,853,3,4,2010,46,452,2
LeGarrette Blount,24,rb,13,7,201,1007,6,4,2010,5,14,0
Ronnie Brown,29,RB,16,16,200,734,5,3,2010,33,242,0
Brandon Jackson,25,RB,16,13,190,703,3,1,2010,43,342,1
Felix Jones,23,rb,16,7,185,800,1,2,2010,48,450,1
Knowshon Moreno,23,RB,13,13,182,779,5,3,2010,37,372,3
Jonathan Stewart,23,RB,14,7,178,770,2,4,2010,8,103,1
Jahvid Best,21,RB,16,9,171,555,4,1,2010,58,487,2
Ryan Torain,24,RB,10,8,164,742,4,2,2010,18,125,2
Ryan Mathews,23,RB,12,9,158,678,7,5,2010,22,145,0
Tim Hightower,24,RB,16,13,153,736,5,5,2010,21,136,0
Brandon Jacobs,28,rb,16,5,147,823,9,2,2010,7,59,0
Donald Brown,23,RB,13,8,129,497,2,0,2010,20,205,0
Cadillac Williams,28,RB,16,9,125,437,2,1,2010,46,355,1
Justin Forsett,25,rb,16,5,118,523,2,0,2010,33,252,0
Joseph Addai,27,rb,8,7,116,495,4,2,2010,19,124,0
Marion Barber III,27,RB,13,10,113,374,4,0,2010,11,49,0
Maurice Morris,31,RB,14,7,90,336,5,1,2010,25,170,0
DeAngelo Williams,27,rb,6,6,87,361,1,1,2010,11,61,0
Brian Westbrook,31,rb,14,5,77,340,4,0,2010,16,150,1
Clinton Portis,29,rb,5,5,54,227,2,0,2010,5,55,0
Reggie Bush,25,RB,8,6,36,150,0,2,2010,34,208,1
Jacob Hester,25,rb,15,7,26,60,0,0,2010,22,145,1
Earnest Graham,30,rb,12,7,20,99,1,1,2010,16,130,1
Maurice JonesDrew,26,RB,16,16,343,1606,8,6,2011,43,374,3
Michael Turner,29,RB,16,15,301,1340,11,3,2011,17,168,0
Ray Rice,24,RB,16,16,291,1364,12,2,2011,76,704,3
Marshawn Lynch,25,RB,15,15,285,1204,12,3,2011,28,212,1
Frank Gore,28,RB,16,15,282,1211,8,2,2011,17,114,0
Arian Foster,25,RB,13,13,278,1224,10,5,2011,53,617,2
Cedric Benson,29,RB,15,15,273,1067,6,5,2011,15,82,0
LeSean McCoy,23,RB,15,15,273,1309,17,1,2011,48,315,3
Chris Johnson,26,RB,16,16,262,1047,4,3,2011,57,418,0
Steven Jackson,28,RB,15,15,260,1145,5,2,2011,42,333,1
Michael Bush,27,RB,16,9,256,977,7,1,2011,37,418,1
Shonn Greene,26,RB,16,15,253,1054,6,1,2011,30,211,0
Willis McGahee,30,RB,15,14,249,1199,4,4,2011,12,51,1
Beanie Wells,23,RB,14,14,245,1047,10,4,2011,10,52,0
Rashard Mendenhall,24,RB,15,15,228,928,9,1,2011,18,154,0
Ryan Mathews,24,RB,14,14,222,1091,6,5,2011,50,455,0
Reggie Bush,26,RB,15,15,216,1086,6,4,2011,43,296,1
Adrian Peterson,26,RB,12,12,208,970,12,1,2011,18,139,1
Matt Forte,26,RB,12,12,203,997,3,2,2011,52,490,1
LeGarrette Blount,25,RB,14,14,184,781,5,5,2011,15,148,0
BenJarvus GreenEllis,26,RB,16,6,181,667,11,0,2011,9,159,0
Ben Tate,23,rb,15,2,175,942,4,4,2011,13,98,0
Ahmad Bradshaw,25,RB,12,9,171,659,9,1,2011,34,267,2
Fred Jackson,30,RB,10,10,170,934,6,2,2011,39,442,0
Daniel Thomas,24,rb,13,2,165,581,0,2,2011,12,72,1
DeMarco Murray,23,RB,13,7,164,897,2,1,2011,26,183,0
Peyton Hillis,25,RB,10,9,161,587,3,2,2011,22,130,0
DeAngelo Williams,28,RB,16,14,155,836,7,0,2011,16,135,0
Thomas Jones,33,RB,16,8,153,478,0,0,2011,5,43,0
Brandon Jacobs,29,rb,14,6,152,571,7,3,2011,15,128,1
Roy Helu,23,RB,15,5,151,640,2,2,2011,49,379,1
Jonathan Stewart,24,rb,16,3,142,761,4,1,2011,47,413,1
Ryan Grant,29,RB,15,14,134,559,2,1,2011,19,268,1
Felix Jones,24,RB,12,8,127,575,1,5,2011,33,221,0
Joseph Addai,28,RB,12,11,118,433,1,1,2011,15,93,0
Darren McFadden,24,rb,7,7,113,614,4,1,2011,19,154,1
Pierre Thomas,27,RB,16,7,110,562,5,1,2011,50,425,1
Toby Gerhart,24,rb,16,5,109,531,1,1,2011,23,190,3
CJ Spiller,24,RB,16,11,107,561,4,2,2011,39,269,2
Darren Sproles,28,rb,16,4,87,603,2,0,2011,86,710,7
Jahvid Best,22,RB,6,6,84,390,2,0,2011,27,287,1
Tim Hightower,25,rb,5,5,84,321,1,0,2011,10,78,1
Maurice Morris,32,rb,16,5,80,316,1,1,2011,26,230,1
Arian Foster,26,RB,16,16,351,1424,15,3,2012,40,217,2
Adrian Peterson,27,RB,16,16,348,2097,12,4,2012,40,217,1
Alfred Morris,24,RB,16,16,335,1613,13,4,2012,11,77,0
Doug Martin,23,RB,16,16,319,1454,11,1,2012,49,472,1
Marshawn Lynch,26,RB,16,15,315,1590,11,5,2012,23,196,1
Stevan Ridley,23,RB,16,12,290,1263,12,4,2012,6,51,0
Jamaal Charles,26,RB,16,15,285,1509,5,5,2012,35,236,1
BenJarvus GreenEllis,27,RB,15,15,278,1094,6,3,2012,22,104,0
Shonn Greene,27,RB,16,14,276,1063,8,4,2012,19,151,0
Chris Johnson,27,RB,16,15,276,1243,6,5,2012,36,232,0
Trent Richardson,22,RB,15,15,267,950,11,3,2012,51,367,1
Frank Gore,29,RB,16,16,258,1214,8,2,2012,28,234,1
Steven Jackson,29,RB,16,16,258,1045,4,0,2012,38,321,0
Ray Rice,25,RB,16,16,257,1143,9,1,2012,61,478,1
Matt Forte,27,RB,15,15,248,1094,5,2,2012,44,340,1
Reggie Bush,27,RB,16,16,227,986,6,4,2012,35,292,2
Michael Turner,30,RB,16,16,222,800,10,3,2012,19,128,1
Ahmad Bradshaw,26,RB,14,12,221,1015,6,3,2012,23,245,0
Darren McFadden,25,RB,12,12,216,707,2,2,2012,42,258,1
Mikel Leshoure,22,RB,14,14,215,798,9,3,2012,34,214,0
Vick Ballard,22,RB,16,12,211,814,2,3,2012,17,152,1
CJ Spiller,25,RB,16,9,207,1244,6,3,2012,43,459,2
LeSean McCoy,24,RB,12,12,200,840,2,4,2012,54,373,3
Ryan Mathews,25,RB,12,9,184,707,1,2,2012,39,252,0
DeAngelo Williams,29,RB,16,10,173,737,5,2,2012,13,187,2
Willis McGahee,31,RB,10,9,167,731,4,5,2012,26,221,0
DeMarco Murray,24,RB,10,10,161,663,4,3,2012,35,251,0
Jonathan Dwyer,23,RB,13,6,156,623,2,2,2012,18,106,0
Mark Ingram,23,rb,16,5,156,602,5,0,2012,6,29,0
Knowshon Moreno,25,rb,8,6,138,525,4,1,2012,21,167,0
Fred Jackson,31,rb,10,8,115,437,3,5,2012,34,217,1
Felix Jones,25,rb,16,7,111,402,3,2,2012,25,262,2
Isaac Redman,28,rb,14,5,110,410,2,3,2012,19,244,0
LaRod StephensHowling,25,rb,14,5,110,356,4,0,2012,17,106,0
Rashad Jennings,27,RB,10,6,101,283,2,3,2012,19,130,0
Jackie Battle,29,rb,16,5,95,311,3,0,2012,15,108,1
Jonathan Stewart,25,rb,9,6,93,336,1,2,2012,17,157,1
Beanie Wells,24,RB,8,7,88,234,5,1,2012,1,24,0
Maurice JonesDrew,27,rb,6,5,86,414,1,2,2012,14,86,1
Cedric Benson,30,RB,5,5,71,248,1,1,2012,14,97,0
Marcel Reece,27,RB,16,14,59,271,0,2,2012,52,496,1
Mike Tolbert,27,rb,16,5,54,183,7,0,2012,27,268,0
Darren Sproles,29,RB,13,6,48,244,1,0,2012,75,667,7
Dexter McCluster,23,rb,16,6,12,70,0,2,2012,52,452,1
Will Johnson,23,RB,16,7,2,7,0,0,2012,15,137,1
LeSean McCoy,25,RB,16,16,314,1607,9,1,2013,52,539,2
Marshawn Lynch,27,RB,16,16,301,1257,12,4,2013,36,316,2
Matt Forte,28,RB,16,16,289,1339,9,2,2013,74,594,3
Ryan Mathews,26,RB,16,14,285,1255,6,2,2013,26,189,1
Eddie Lacy,23,RB,15,15,284,1178,11,1,2013,35,257,0
Chris Johnson,28,RB,16,16,279,1077,6,3,2013,42,345,4
Adrian Peterson,28,RB,14,14,279,1266,10,5,2013,29,171,1
Frank Gore,30,RB,16,16,276,1128,9,3,2013,16,141,0
Alfred Morris,25,RB,16,16,276,1275,7,5,2013,9,78,0
Jamaal Charles,27,RB,15,15,259,1287,12,4,2013,70,693,7
Zac Stacy,22,RB,14,12,250,973,7,1,2013,26,141,1
LeVeon Bell,21,RB,13,13,244,860,8,1,2013,45,399,0
Knowshon Moreno,26,RB,16,15,241,1038,10,1,2013,60,548,3
Maurice JonesDrew,28,RB,15,15,234,803,5,1,2013,43,314,0
Reggie Bush,28,RB,14,14,223,1006,4,5,2013,54,506,3
BenJarvus GreenEllis,28,RB,16,16,220,756,7,2,2013,4,22,0
Rashard Mendenhall,26,RB,15,15,217,687,8,4,2013,18,134,0
DeMarco Murray,25,RB,14,14,217,1121,9,3,2013,53,350,1
Ray Rice,26,RB,15,15,214,660,4,2,2013,58,321,0
Fred Jackson,32,rb,16,6,206,890,9,3,2013,47,387,1
CJ Spiller,26,RB,15,10,202,933,2,4,2013,33,185,0
DeAngelo Williams,30,RB,15,15,201,843,3,3,2013,26,333,1
Chris Ivory,25,rb,15,6,182,833,3,2,2013,2,10,0
Ben Tate,25,rb,14,7,181,771,4,5,2013,34,140,0
Stevan Ridley,24,rb,14,6,178,773,7,4,2013,10,62,0
Lamar Miller,22,RB,16,15,177,709,2,1,2013,26,170,0
Bilal Powell,25,RB,16,11,176,697,1,1,2013,36,272,0
Joique Bell,27,rb,16,4,166,650,8,4,2013,53,547,0
Rashad Jennings,28,RB,15,8,163,733,6,0,2013,36,292,0
Steven Jackson,30,RB,12,12,157,543,6,0,2013,33,191,1
LeGarrette Blount,27,RB,16,7,153,772,7,3,2013,2,38,0
Bernard Pierce,22,rb,16,1,152,436,2,0,2013,20,104,0
Pierre Thomas,29,RB,16,9,147,549,2,2,2013,77,513,3
Andre Brown,27,RB,8,8,139,492,3,3,2013,20,103,0
Willis McGahee,32,rb,12,6,138,377,2,1,2013,8,20,0
Doug Martin,24,RB,6,6,127,456,1,2,2013,12,66,0
Arian Foster,27,RB,8,8,121,542,1,0,2013,22,183,1
Darren McFadden,26,rb,10,7,114,379,5,1,2013,17,108,0
Donald Brown,26,rb,16,5,102,537,6,0,2013,27,214,2
Mike Tolbert,28,RB,16,13,101,361,5,0,2013,27,184,2
Jacquizz Rodgers,23,rb,15,4,96,332,2,1,2013,52,341,2
Darren Sproles,30,rb,15,4,53,220,2,2,2013,71,604,2
Chris Ogbonnaya,27,RB,16,7,49,240,0,2,2013,48,343,2
Marcel Reece,28,RB,16,15,46,218,2,0,2013,32,331,2
Tommy Bohanon,23,rb,16,8,17,62,0,0,2013,11,69,0
Jed Collins,27,RB,16,8,15,45,1,0,2013,14,54,0
Frank Summers,28,rb,15,9,12,46,1,0,2013,7,79,1
Darrel Young,26,RB,13,7,12,41,3,0,2013,4,71,1
Vonta Leach,32,rb,16,7,11,23,0,1,2013,11,47,1
John Kuhn,31,rb,15,6,10,38,1,1,2013,13,81,0
Stanley Havili,26,RB,13,8,7,7,0,0,2013,18,128,1
Bruce Miller,26,RB,14,13,7,13,0,1,2013,25,243,0
Greg Jones,32,rb,16,5,2,2,0,0,2013,5,34,0
Anthony Sherman,25,RB,16,8,2,3,0,1,2013,18,155,1
Will Taufoou,27,RB,16,7,1,1,0,0,2013,10,40,0
DeMarco Murray,26,RB,16,16,392,1845,13,5,2014,57,416,0
LeSean McCoy,26,RB,16,16,312,1319,5,4,2014,28,155,0
LeVeon Bell,22,RB,16,16,290,1361,8,0,2014,83,854,3
Marshawn Lynch,28,RB,16,14,280,1306,13,3,2014,37,367,4
Matt Forte,29,RB,16,16,266,1038,6,2,2014,102,808,4
Alfred Morris,26,RB,16,16,265,1074,8,2,2014,17,155,0
Arian Foster,28,RB,13,13,260,1246,8,2,2014,38,327,5
Frank Gore,31,RB,16,16,255,1106,4,2,2014,11,111,1
Eddie Lacy,24,RB,16,16,246,1139,9,3,2014,42,427,4
Justin Forsett,29,RB,16,14,235,1266,8,1,2014,44,263,0
Mark Ingram,25,RB,13,9,226,964,9,3,2014,29,145,0
Joique Bell,28,rb,15,6,223,860,7,5,2014,34,322,1
Jeremy Hill,22,rb,16,8,222,1124,9,5,2014,27,215,0
Andre Williams,22,rb,16,7,217,721,7,1,2014,18,130,0
Lamar Miller,23,RB,16,16,216,1099,8,3,2014,38,275,1
Jamaal Charles,28,RB,15,15,206,1033,9,5,2014,40,291,5
Andre Ellington,25,RB,12,12,201,660,3,2,2014,46,395,2
Chris Ivory,26,RB,16,10,198,821,6,2,2014,18,123,1
Steven Jackson,31,RB,15,15,190,707,6,0,2014,20,148,0
CJ Anderson,23,RB,15,7,179,849,8,1,2014,34,324,2
Tre Mason,21,RB,12,9,179,765,4,2,2014,16,148,1
Jonathan Stewart,27,RB,13,8,175,809,3,2,2014,25,181,1
Terrance West,23,RB,14,6,171,673,4,2,2014,11,64,1
Alfred Blue,23,rb,16,3,169,528,2,0,2014,15,113,1
Giovani Bernard,23,RB,13,9,168,680,5,0,2014,43,349,2
Rashad Jennings,29,RB,11,9,167,639,4,1,2014,30,226,0
Matt Asiata,27,RB,15,9,164,570,9,1,2014,44,312,1
Branden Oliver,23,RB,14,7,160,582,3,0,2014,36,271,1
Trent Richardson,24,RB,15,12,159,519,3,2,2014,27,229,0
Chris Johnson,29,rb,16,6,155,663,1,1,2014,24,151,1
Darren McFadden,27,RB,16,12,155,534,2,1,2014,36,212,0
Bishop Sankey,22,RB,16,9,152,569,2,2,2014,18,133,0
Fred Jackson,33,RB,14,9,141,525,2,5,2014,66,501,1
Denard Robinson,24,RB,13,9,135,582,4,2,2014,23,124,0
Doug Martin,25,RB,11,11,134,494,2,0,2014,13,64,0
Jerick McKinnon,22,rb,11,6,113,538,0,0,2014,27,135,0
Toby Gerhart,27,rb,14,7,101,326,2,1,2014,20,186,0
Shane Vereen,25,RB,16,6,96,391,2,0,2014,52,447,3
Shonn Greene,29,rb,13,5,94,392,2,1,2014,1,13,0
Bobby Rainey,27,rb,15,5,94,406,1,3,2014,33,315,1
Stevan Ridley,25,rb,6,5,94,340,2,0,2014,4,20,0
CJ Spiller,27,rb,9,5,78,300,0,3,2014,19,125,1
Reggie Bush,29,RB,11,9,76,297,2,0,2014,40,253,0
Zac Stacy,23,rb,13,5,76,293,1,2,2014,18,152,0
Ryan Mathews,27,rb,6,6,74,330,3,1,2014,9,69,0
DeAngelo Williams,31,rb,6,6,62,219,0,1,2014,5,44,0
Mike Tolbert,29,rb,8,6,37,78,0,0,2014,12,93,0
Marcel Reece,29,RB,15,15,21,85,0,1,2014,37,265,1
Darrel Young,27,RB,16,10,9,22,3,0,2014,11,81,2
Bruce Miller,27,RB,16,8,6,9,0,1,2014,18,189,2
Frank Summers,29,RB,10,6,6,17,1,0,2014,5,9,0
Erik Lorig,28,rb,10,6,3,4,0,1,2014,9,27,1
Ray Agnew,23,RB,12,9,2,2,0,0,2014,3,15,0
Will Johnson,25,rb,16,5,2,0,0,0,2014,6,41,0
Anthony Sherman,26,RB,16,6,2,8,0,0,2014,10,71,1
Adrian Peterson,30,RB,16,16,327,1485,11,7,2015,30,222,0
Doug Martin,26,RB,16,16,288,1402,6,5,2015,33,271,1
Latavius Murray,25,RB,16,16,266,1066,6,4,2015,41,232,0
Devonta Freeman,23,RB,15,13,265,1056,11,3,2015,73,578,3
Frank Gore,32,RB,16,16,260,967,6,4,2015,34,267,1
Chris Ivory,27,RB,15,14,247,1070,7,4,2015,30,217,1
Jonathan Stewart,28,RB,13,13,242,989,6,3,2015,16,99,1
Darren McFadden,28,RB,16,10,239,1089,3,3,2015,40,328,0
Todd Gurley,21,RB,13,12,229,1106,10,3,2015,21,188,0
Jeremy Hill,23,RB,16,15,223,794,11,3,2015,15,79,1
Matt Forte,30,RB,13,13,218,898,4,2,2015,44,389,3
Ronnie Hillman,24,RB,16,10,207,863,7,3,2015,24,111,0
LeSean McCoy,27,RB,12,12,203,895,3,2,2015,32,292,2
Alfred Morris,27,RB,16,16,202,751,1,0,2015,10,55,0
DeAngelo Williams,32,RB,16,10,200,907,11,4,2015,40,367,0
Chris Johnson,30,RB,11,9,196,814,3,2,2015,6,58,0
Rashad Jennings,30,RB,16,16,195,863,3,3,2015,29,296,1
Lamar Miller,24,RB,16,16,194,872,8,1,2015,47,397,2
DeMarco Murray,27,RB,15,8,193,702,6,2,2015,44,322,1
Eddie Lacy,25,RB,15,12,187,758,3,4,2015,20,188,2
Isaiah Crowell,22,RB,16,9,185,706,4,0,2015,19,182,1
Melvin Gordon,22,RB,14,12,184,641,0,6,2015,33,192,0
Alfred Blue,24,RB,16,9,183,698,2,2,2015,15,109,1
TJ Yeldon,22,RB,12,12,182,740,2,0,2015,36,279,1
Mark Ingram,26,RB,12,10,166,769,6,2,2015,50,405,0
LeGarrette Blount,29,rb,12,6,165,703,6,1,2015,6,43,1
Charcandrick West,24,RB,15,9,160,634,4,1,2015,20,214,1
Giovani Bernard,24,rb,16,1,154,730,2,2,2015,49,472,0
CJ Anderson,24,rb,15,6,152,720,5,2,2015,25,183,0
Justin Forsett,30,RB,10,10,151,641,2,0,2015,31,153,0
Thomas Rawls,22,RB,13,7,147,830,4,1,2015,9,76,1
Ameer Abdullah,22,RB,16,9,143,597,2,5,2015,25,183,1
Antonio Andrews,23,RB,14,10,143,520,3,1,2015,21,174,0
Javorius Allen,24,rb,16,6,137,514,1,2,2015,45,353,2
David Johnson,24,rb,16,5,125,581,8,4,2015,36,457,4
David Johnson,24,rb,16,5,125,581,8,4,2015,1,4,0
Carlos Hyde,25,RB,7,7,115,470,3,1,2015,11,53,0
LeVeon Bell,23,rb,6,6,113,556,3,0,2015,24,136,0
Marshawn Lynch,29,rb,7,6,111,417,3,0,2015,13,80,0
Ryan Mathews,28,rb,13,6,106,539,6,3,2015,20,146,1
Duke Johnson,22,rb,16,7,104,379,0,1,2015,61,534,2
Joique Bell,29,rb,13,5,90,311,4,1,2015,22,286,0
Joseph Randle,24,rb,6,6,76,315,4,1,2015,10,86,0
Jamaal Charles,29,rb,5,5,71,364,4,3,2015,21,177,1
Dion Lewis,25,RB,7,6,49,234,2,2,2015,36,388,2
Theo Riddick,24,rb,16,1,43,133,0,1,2015,80,697,3
Marcel Reece,30,RB,15,7,10,36,0,0,2015,30,269,3
John Kuhn,33,rb,16,6,9,28,2,0,2015,6,56,0
Zach Line,25,rb,16,5,6,10,2,0,2015,6,95,1
Bruce Miller,28,rb,16,5,6,14,1,0,2015,10,135,0
Kyle Juszczyk,24,RB,16,11,2,3,0,0,2015,41,321,4
Patrick DiMarco,26,RB,16,8,1,0,0,0,2015,13,110,2
Jerome Felton,29,RB,16,8,1,2,0,0,2015,1,12,0
Ezekiel Elliott,21,RB,15,15,322,1631,15,5,2016,32,363,1
LeGarrette Blount,30,RB,16,8,299,1161,18,2,2016,7,38,0
David Johnson,25,RB,16,16,293,1239,16,5,2016,80,879,4
David Johnson,25,RB,16,16,293,1239,16,5,2016,7,80,0
DeMarco Murray,28,RB,16,16,293,1287,9,3,2016,53,377,3
Todd Gurley,22,RB,16,16,278,885,6,2,2016,43,327,0
Lamar Miller,25,RB,14,14,268,1073,5,2,2016,31,188,1
Frank Gore,33,RB,16,16,263,1025,4,2,2016,38,277,4
LeVeon Bell,24,RB,12,12,261,1268,7,4,2016,75,616,2
Jay Ajayi,23,RB,15,12,260,1272,8,4,2016,27,151,0
Melvin Gordon,23,RB,13,11,254,997,10,2,2016,41,419,2
Jordan Howard,22,RB,15,13,252,1313,6,2,2016,29,298,1
LeSean McCoy,28,RB,15,15,234,1267,13,3,2016,50,356,1
Devonta Freeman,24,RB,16,16,227,1079,11,1,2016,54,462,2
Jeremy Hill,24,RB,15,13,222,839,9,0,2016,21,174,0
Matt Forte,31,RB,14,13,218,813,7,1,2016,30,263,1
Jonathan Stewart,29,RB,13,13,218,824,9,3,2016,8,60,0
Carlos Hyde,26,RB,13,13,217,988,6,5,2016,27,163,3
Spencer Ware,25,RB,14,14,214,921,3,4,2016,33,447,2
Mark Ingram,27,RB,16,14,205,1043,6,2,2016,46,319,4
Isaiah Crowell,23,RB,16,16,198,952,7,2,2016,40,319,0
Latavius Murray,26,RB,14,12,195,788,12,2,2016,33,264,0
Terrance West,25,RB,16,13,193,774,5,2,2016,34,236,1
Rashad Jennings,31,RB,13,12,181,593,3,1,2016,35,201,1
Devontae Booker,24,rb,16,6,174,612,4,4,2016,31,265,1
Robert Kelley,24,RB,15,9,168,704,6,0,2016,12,82,1
Jerick McKinnon,24,RB,15,7,159,539,2,0,2016,43,255,2
Ryan Mathews,29,RB,13,8,155,661,8,3,2016,13,115,1
Doug Martin,27,RB,8,8,144,421,3,1,2016,14,134,0
Bilal Powell,28,rb,16,4,131,722,3,1,2016,58,388,2
TJ Yeldon,23,RB,15,13,130,465,1,2,2016,50,312,1
Jacquizz Rodgers,26,rb,10,5,129,560,2,0,2016,13,98,0
Matt Asiata,29,rb,16,6,121,402,6,1,2016,32,263,0
CJ Anderson,25,RB,7,7,110,437,4,0,2016,16,128,1
Thomas Rawls,23,rb,9,7,109,349,3,0,2016,13,96,0
Matt Jones,23,rb,7,7,99,460,3,3,2016,8,73,0
Darren Sproles,33,rb,15,5,94,438,2,1,2016,52,427,2
Theo Riddick,25,RB,10,8,92,357,1,0,2016,53,371,5
Ty Montgomery,23,RB,15,6,77,457,3,2,2016,44,348,0
Duke Johnson,23,rb,16,1,73,358,1,2,2016,53,514,0
Eddie Lacy,26,rb,5,5,71,360,0,0,2016,4,28,0
Dion Lewis,26,rb,7,5,64,283,0,1,2016,17,94,0
James White,24,rb,16,4,39,166,0,0,2016,60,551,5
Aaron Ripkowski,24,rb,16,8,34,150,2,0,2016,9,46,1
Jamize Olawale,27,RB,16,7,17,47,2,0,2016,12,227,1
Kyle Juszczyk,25,RB,16,7,5,22,1,0,2016,37,266,0
Andy Janovich,23,rb,11,5,4,33,1,0,2016,5,44,0
Jalston Fowler,26,RB,16,6,1,3,0,0,2016,1,14,0
LeVeon Bell,25,RB,15,15,321,1291,9,3,2017,85,655,2
LeSean McCoy,29,RB,16,16,287,1138,6,3,2017,59,448,2
Melvin Gordon,24,RB,16,16,284,1105,8,1,2017,58,476,4
Todd Gurley,23,RB,15,15,279,1305,13,5,2017,64,788,6
Jordan Howard,23,RB,16,16,276,1122,9,1,2017,23,125,0
Kareem Hunt,22,RB,16,16,272,1327,8,1,2017,53,455,3
Leonard Fournette,22,RB,13,13,268,1040,9,2,2017,36,302,1
Frank Gore,34,RB,16,16,261,961,3,3,2017,29,245,1
CJ Anderson,26,RB,16,16,245,1007,3,1,2017,28,224,1
Ezekiel Elliott,22,RB,10,10,242,983,7,1,2017,26,269,2
Carlos Hyde,27,RB,16,16,240,938,8,2,2017,59,350,0
Lamar Miller,26,RB,16,13,238,888,3,1,2017,36,327,3
Latavius Murray,27,RB,16,11,216,842,8,1,2017,15,103,0
Alex Collins,23,RB,15,12,212,973,6,4,2017,23,187,0
Marshawn Lynch,31,RB,15,15,207,891,7,1,2017,20,151,0
Isaiah Crowell,24,RB,16,16,206,853,2,1,2017,28,182,0
Jonathan Stewart,30,RB,15,10,198,680,6,3,2017,8,52,1
Devonta Freeman,25,RB,14,14,196,865,7,4,2017,36,317,1
DeMarco Murray,29,RB,15,15,184,659,6,1,2017,39,266,1
Dion Lewis,27,RB,16,8,180,896,6,0,2017,32,214,3
Joe Mixon,21,rb,14,7,178,626,4,3,2017,30,287,0
Bilal Powell,29,RB,15,10,178,772,5,1,2017,23,170,0
Derrick Henry,23,rb,16,2,176,744,5,1,2017,11,136,1
Samaje Perine,22,RB,16,8,175,603,1,2,2017,22,182,1
LeGarrette Blount,31,RB,16,11,173,766,2,1,2017,8,50,1
Orleans Darkwa,25,RB,15,11,171,751,5,1,2017,19,116,0
Ameer Abdullah,24,RB,14,11,165,552,4,2,2017,25,162,1
Tevin Coleman,24,rb,15,3,156,628,5,1,2017,27,299,3
Jamaal Williams,22,RB,16,7,153,556,4,0,2017,25,262,2
Doug Martin,28,RB,11,8,138,406,3,1,2017,9,84,0
Kenyan Drake,23,rb,16,6,133,644,3,2,2017,32,239,1
Alvin Kamara,22,rb,16,3,120,728,8,1,2017,81,826,5
Christian McCaffrey,21,RB,16,10,117,435,2,2,2017,80,651,5
Alfred Morris,29,rb,14,5,115,547,1,0,2017,7,45,0
Matt Forte,32,rb,12,4,103,381,2,1,2017,37,293,1
Theo Riddick,26,rb,16,5,84,286,3,1,2017,53,444,2
Dalvin Cook,22,rb,4,4,74,354,2,1,2017,11,90,0
Ty Montgomery,24,rb,8,5,71,273,3,0,2017,23,173,1
Mike Davis,24,RB,6,6,68,240,0,0,2017,15,131,0
Robert Kelley,25,rb,7,7,62,194,3,0,2017,4,18,0
Jeremy Hill,25,RB,7,7,37,116,0,1,2017,4,16,0
Ezekiel Elliott,23,RB,15,15,304,1434,6,6,2018,77,567,3
Saquon Barkley,21,RB,16,16,261,1307,11,0,2018,91,721,4
David Johnson,27,RB,16,16,258,940,7,3,2018,50,446,3
Todd Gurley,24,RB,14,14,256,1251,17,1,2018,59,580,4
Adrian Peterson,33,RB,16,16,251,1042,7,3,2018,20,208,1
Jordan Howard,24,RB,16,15,250,935,9,2,2018,20,145,0
Chris Carson,24,RB,14,14,247,1151,9,3,2018,20,163,0
Peyton Barber,24,RB,16,16,234,871,5,1,2018,20,92,1
Christian McCaffrey,22,RB,16,16,219,1098,7,4,2018,107,867,6
James Conner,23,RB,13,12,215,973,12,4,2018,55,497,1
Derrick Henry,24,RB,16,12,215,1059,12,1,2018,15,99,0
Lamar Miller,27,RB,14,14,210,973,5,1,2018,25,163,1
Sony Michel,23,RB,13,8,209,931,6,1,2018,7,50,0
Marlon Mack,22,RB,12,10,195,908,9,2,2018,17,103,1
Alvin Kamara,23,RB,15,13,194,883,14,1,2018,81,709,4
Nick Chubb,23,RB,16,9,192,996,8,0,2018,20,149,2
Phillip Lindsay,24,RB,15,8,192,1037,9,0,2018,35,241,1
Kareem Hunt,23,RB,11,11,181,824,7,0,2018,26,378,7
Melvin Gordon,25,RB,12,12,175,885,10,1,2018,50,490,4
Doug Martin,29,RB,16,9,172,723,4,3,2018,18,116,0
Tevin Coleman,25,RB,16,14,167,800,4,2,2018,32,276,5
LeSean McCoy,30,RB,14,13,161,514,3,0,2018,34,238,0
Frank Gore,35,RB,14,14,156,722,0,1,2018,12,124,1
Dion Lewis,28,rb,16,7,155,517,1,1,2018,59,400,1
LeGarrette Blount,32,RB,16,8,154,418,5,2,2018,10,67,0
Matt Breida,23,RB,14,13,153,814,3,1,2018,27,261,2
Isaiah Crowell,25,rb,13,6,143,685,6,0,2018,21,152,0
Latavius Murray,28,rb,16,6,140,578,6,0,2018,22,141,0
Mark Ingram,29,rb,12,6,138,645,6,3,2018,21,170,1
Gus Edwards,23,rb,11,6,137,718,2,0,2018,2,20,0
Dalvin Cook,23,RB,11,10,133,615,2,2,2018,40,305,2
Leonard Fournette,23,RB,8,8,133,439,5,0,2018,22,185,1
Aaron Jones,24,RB,12,8,133,728,8,1,2018,26,206,1
Royce Freeman,22,rb,14,8,130,521,5,1,2018,14,72,0
Jamaal Williams,23,rb,16,8,121,464,3,0,2018,27,210,0
Josh Adams,22,rb,14,5,120,511,3,1,2018,7,58,0
Kenyan Drake,24,rb,16,7,120,535,4,2,2018,53,477,5
Kerryon Johnson,21,rb,10,7,118,641,3,1,2018,32,213,1
Alex Collins,24,RB,10,10,114,411,7,3,2018,15,105,1
TJ Yeldon,25,rb,14,5,104,414,1,1,2018,55,487,4
Tarik Cohen,23,RB,16,7,99,444,3,7,2018,71,725,5
Marshawn Lynch,32,rb,6,6,90,376,3,0,2018,15,84,0
Wendell Smallwood,24,RB,16,6,87,364,3,2,2018,28,230,2
Bilal Powell,30,RB,7,7,80,343,0,2,2018,11,110,1
Zach Line,28,RB,16,6,9,41,0,0,2018,5,14,2
Derrick Henry ,25,RB,15,15,303,1540,16,5,2019,18,206,2
Ezekiel Elliott,24,RB,16,16,301,1357,12,3,2019,54,420,2
Nick Chubb,24,RB,16,16,298,1494,8,3,2019,36,278,0
Christian McCaffrey,23,RB,16,16,287,1387,15,1,2019,116,1005,4
Chris Carson,25,RB,15,15,278,1230,7,7,2019,37,266,2
Joe Mixon,23,RB,16,15,278,1137,5,0,2019,35,287,3
Leonard Fournette,24,RB,15,15,265,1152,3,1,2019,76,522,0
Dalvin Cook,24,RB,14,14,250,1135,13,4,2019,53,519,0
Marlon Mack,23,RB,14,12,247,1091,8,0,2019,14,82,0
Sony Michel,24,RB,16,14,247,912,7,2,2019,12,94,0
LeVeon Bell,27,RB,15,15,245,789,3,1,2019,66,461,1
Carlos Hyde,29,RB,16,14,245,1070,6,4,2019,10,42,0
Josh Jacobs,21,RB,13,13,242,1150,7,1,2019,20,166,0
David Montgomery,22,rb,16,8,242,889,6,2,2019,25,185,1
Aaron Jones,25,RB,16,16,236,1084,16,3,2019,49,474,3
Phillip Lindsay,25,RB,16,16,224,1011,7,0,2019,35,196,0
Todd Gurley,25,RB,15,15,223,857,12,3,2019,31,207,2
Saquon Barkley,22,RB,13,13,217,1003,6,1,2019,52,438,2
Adrian Peterson,34,RB,15,15,211,898,5,3,2019,17,142,0
Mark Ingram,30,RB,15,15,202,1018,10,2,2019,26,247,5
Devonta Freeman,27,RB,14,14,184,656,2,3,2019,59,410,4
Miles Sanders,22,RB,16,11,179,818,3,2,2019,50,509,3
Ronald Jones II,22,RB,16,9,172,724,6,3,2019,31,309,0
Alvin Kamara,24,RB,14,9,171,797,5,4,2019,81,533,1
Frank Gore,36,rb,16,8,166,599,2,0,2019,13,100,0
Melvin Gordon,26,RB,12,11,162,612,8,4,2019,42,296,1
Peyton Barber,25,rb,16,7,154,470,6,1,2019,16,115,1
Devin Singletary,22,RB,12,8,151,775,2,4,2019,29,194,2
Latavius Murray,29,rb,16,8,146,637,5,0,2019,34,235,1
Tevin Coleman,26,RB,14,11,137,544,6,0,2019,21,180,1
Austin Ekeler,24,rb,16,8,132,557,3,3,2019,92,993,8
Matt Breida,24,rb,13,5,123,623,1,2,2019,19,120,1
Jordan Howard,25,/rb,10,4,119,525,6,0,2019,10,69,1
James Conner,24,RB,10,10,116,464,4,1,2019,34,251,3
Kerryon Johnson,22,RB,8,7,113,403,3,1,2019,10,127,1
Damien Williams,27,rb,11,6,111,498,5,1,2019,30,213,2
LeSean McCoy,31,RB,13,9,101,465,4,3,2019,28,181,1
David Johnson,28,rb,13,9,94,345,2,1,2019,36,370,4
Bo Scarbrough,25,rb,6,5,89,377,1,1,2019,1,5,0
Kalen Ballage,24,RB,12,6,74,135,3,0,2019,14,63,0
Tarik Cohen,24,RB,16,11,64,213,0,3,2019,79,456,3
Bilal Powell,31,/rb,13,1,59,229,0,0,2019,7,33,0
Dion Lewis,29,/rb,16,1,54,209,0,1,2019,25,164,1
JD McKissic,26,/rb,16,3,38,205,0,0,2019,34,233,1
Ty Montgomery,26,/rb,16,2,32,103,0,0,2019,13,90,0
Darren Sproles,36,/rb,6,1,17,66,0,1,2019,6,24,0
Derrick Henry ,26,RB,16,16,378,2027,17,3,2020,19,114,0
Dalvin Cook,25,RB,14,14,312,1557,16,5,2020,44,361,1
Josh Jacobs,22,RB,15,15,273,1065,12,2,2020,33,238,0
David Montgomery,23,RB,15,14,247,1070,8,1,2020,54,438,2
Ezekiel Elliott,25,RB,15,15,244,979,6,6,2020,52,338,2
James Robinson,22,RB,14,14,240,1070,7,3,2020,49,344,3
Kenyan Drake,26,RB,15,13,239,955,10,3,2020,25,137,0
Jonathan Taylor,21,RB,15,13,232,1169,11,1,2020,36,299,1
Melvin Gordon,27,RB,15,10,215,986,9,4,2020,32,158,1
Aaron Jones,26,RB,14,14,201,1104,9,2,2020,47,355,2
Kareem Hunt,25,rb,16,5,198,841,6,2,2020,38,304,5
Todd Gurley,26,RB,15,15,195,678,9,2,2020,25,164,0
Ronald Jones II,23,RB,14,13,192,978,7,2,2020,28,165,1
Nick Chubb,25,RB,12,12,190,1067,12,1,2020,16,150,0
Frank Gore,37,RB,15,14,187,653,2,1,2020,16,89,0
Alvin Kamara,25,RB,15,10,187,932,16,1,2020,83,756,5
Clyde EdwardsHelaire,21,RB,13,13,181,803,4,0,2020,36,297,1
Antonio Gibson,22,RB,14,10,170,795,11,1,2020,36,247,0
James Conner,25,RB,13,11,169,721,6,2,2020,35,215,0
Mike Davis,27,RB,15,12,165,642,6,1,2020,59,373,2
Miles Sanders,23,RB,12,11,164,867,6,4,2020,28,197,0
Adrian Peterson,35,RB,16,10,156,604,7,0,2020,12,101,0
Devin Singletary,23,RB,16,16,156,687,2,1,2020,38,269,0
Wayne Gallman,26,RB,15,10,147,682,6,1,2020,21,114,0
David Johnson,29,RB,12,12,147,691,6,2,2020,33,314,2
Latavius Murray,30,rb,15,7,146,656,4,1,2020,23,176,1
Gus Edwards,25,rb,16,6,144,723,6,1,2020,9,129,0
Myles Gaskin,23,RB,10,7,142,584,3,2,2020,41,388,2
Chris Carson,26,RB,12,12,141,681,5,1,2020,37,287,4
Darrell Henderson,23,RB,15,11,138,624,5,0,2020,16,159,1
Damien Harris,23,RB,10,10,137,691,2,1,2020,5,52,0
Giovani Bernard,29,RB,16,10,124,416,3,1,2020,47,355,3
Joe Mixon,24,rb,6,6,119,428,3,1,2020,21,138,1
Phillip Lindsay,26,rb,11,8,118,502,1,0,2020,7,28,0
Austin Ekeler,25,RB,10,10,116,530,1,1,2020,54,403,2
Raheem Mostert,28,RB,8,8,104,521,2,1,2020,16,156,1
JD McKissic,27,rb,16,7,85,365,1,3,2020,80,589,2
Sony Michel,25,rb,9,6,79,449,1,0,2020,7,114,1
Duke Johnson,27,rb,11,5,77,235,1,3,2020,28,249,1
Mark Ingram,31,RB,11,9,72,299,2,0,2020,6,50,0
Jonathan Taylor,22,RB,17,17,332,1811,18,4,2021,40,360,2
Najee Harris,23,RB,17,17,307,1200,7,0,2021,74,467,3
Joe Mixon,25,RB,16,16,292,1205,13,2,2021,42,314,3
Antonio Gibson,23,RB,16,14,258,1037,7,6,2021,42,294,3
Dalvin Cook,26,RB,13,13,249,1159,6,3,2021,34,224,0
Alvin Kamara,26,rb,13,10,240,898,4,0,2021,47,439,5
Ezekiel Elliott,26,RB,17,17,237,1002,10,1,2021,47,287,2
Nick Chubb,26,RB,14,14,228,1259,8,2,2021,20,174,1
David Montgomery,24,RB,13,13,225,849,7,1,2021,42,301,0
Derrick Henry,27,rb,8,8,219,937,10,1,2021,18,154,0
Josh Jacobs,23,RB,15,14,217,872,9,2,2021,54,348,0
Sony Michel,26,rb,17,7,208,845,4,1,2021,21,128,1
Elijah Mitchell,23,rb,11,10,207,963,5,0,2021,19,137,1
Austin Ekeler,26,RB,16,16,206,911,12,4,2021,70,647,8
Melvin Gordon,28,RB,16,16,203,918,8,3,2021,28,213,2
Javonte Williams,21,rb,17,1,203,903,4,2,2021,43,316,3
James Conner,26,rb,15,6,202,752,15,2,2021,37,375,3
Damien Harris,24,RB,15,15,202,929,15,2,2021,18,132,0
Devin Singletary,24,RB,17,16,188,870,7,5,2021,40,228,1
AJ Dillon,23,rb,17,2,187,803,5,2,2021,34,313,2
Leonard Fournette,26,RB,14,13,180,812,8,1,2021,69,454,2
Myles Gaskin,24,rb,17,10,173,612,3,2,2021,49,234,4
Chuba Hubbard,22,rb,17,10,172,612,5,1,2021,25,174,1
Aaron Jones,27,RB,15,15,171,799,4,2,2021,52,391,6
James Robinson,23,RB,14,13,164,767,8,4,2021,31,222,0
Saquon Barkley,24,RB,13,13,162,593,2,2,2021,41,263,2
Cordarrelle Patterson,30,RB,16,13,153,618,6,2,2021,52,548,5
Jamaal Williams,26,RB,13,11,153,601,3,1,2021,26,157,0
DAndre Swift,22,rb,13,4,151,617,5,2,2021,62,452,2
Darrell Henderson,24,rb,12,10,149,688,5,0,2021,29,176,3
Michael Carter,22,RB,14,11,147,639,4,1,2021,36,325,0
Darrel Williams,26,rb,17,7,144,558,6,0,2021,47,452,2
Mike Davis,28,rb,17,8,138,503,3,4,2021,44,259,1
Miles Sanders,24,RB,12,12,137,754,0,1,2021,26,158,0
Alexander Mattison,23,rb,16,4,134,491,3,1,2021,32,228,1
DOnta Foreman,25,rb,9,3,133,566,3,2,2021,9,123,0
Devonta Freeman,29,rb,16,8,133,576,5,0,2021,34,190,1
Rhamondre Stevenson,23,rb,12,2,133,606,5,2,2021,14,123,0
Rex Burkhead,31,rb,16,5,122,427,3,1,2021,25,186,0
Clyde EdwardsHelaire,22,rb,10,10,119,517,4,2,2021,19,129,2
Latavius Murray,31,rb,14,6,119,501,6,0,2021,10,75,0
Rashaad Penny,25,rb,10,6,119,749,6,0,2021,6,48,0
Chase Edmonds,25,RB,12,11,116,592,2,1,2021,43,311,0
Alex Collins,27,rb,11,6,108,411,2,1,2021,9,87,0
Khalil Herbert,23,rb,17,2,103,433,2,1,2021,14,96,0
Ronald Jones II,24,rb,16,3,101,428,4,2,2021,10,64,0
DErnest Johnson,25,rb,17,2,100,534,3,1,2021,19,137,0
Christian McCaffrey,25,rb,7,7,99,442,1,1,2021,37,343,1
Boston Scott,26,rb,16,4,87,373,7,1,2021,13,83,0
Tevin Coleman,28,rb,11,5,84,356,0,0,2021,11,49,0
Jeff Wilson,26,rb,9,4,79,294,2,1,2021,7,31,0
Kareem Hunt,26,rb,8,1,78,386,5,0,2021,22,174,0
Duke Johnson,28,rb,5,4,71,330,3,0,2021,4,41,0
Kenneth Gainwell,22,rb,16,1,68,291,5,2,2021,33,253,1
Justin Jackson,25,rb,14,2,68,364,2,1,2021,22,178,0
Jaret Patterson,22,rb,17,1,68,266,2,1,2021,10,73,0
David Johnson,30,rb,13,4,67,228,0,1,2021,32,225,1
Kenyan Drake,27,rb,12,2,63,254,2,1,2021,30,291,1
Ty Johnson,24,rb,16,3,61,238,2,2,2021,34,372,2
Dontrell Hilliard,26,rb,8,5,56,350,2,2,2021,19,87,0
Nyheim Hines,25,rb,17,4,56,276,2,3,2021,40,310,1
Peyton Barber,27,rb,10,1,55,212,2,2,2021,10,67,0
Chris Carson,27,rb,4,4,54,232,3,1,2021,6,29,0
Tony Jones,24,rb,11,4,54,142,0,0,2021,5,29,0
JD McKissic,28,rb,11,3,48,212,2,0,2021,43,397,2
Brandon Bolden,31,rb,17,1,44,226,1,1,2021,41,405,2
Dare Ogunbowale,27,rb,17,2,43,137,1,0,2021,13,114,1
Trey Sermon,22,rb,9,2,41,167,1,0,2021,3,26,0
Damien Williams,29,rb,12,2,40,164,2,0,2021,16,103,1
KeShawn Vaughn,24,rb,12,1,36,180,2,0,2021,4,26,0
TySon Williams,25,rb,13,3,35,185,1,1,2021,9,84,0
Malcolm Brown,28,rb,7,3,33,125,1,0,2021,3,10,0
Elijhaa Penny,28,rb,17,3,24,99,1,0,2021,9,30,1
Godwin Igwebuike,27,rb,17,1,18,118,1,2,2021,7,60,0
Chris Evans,24,rb,14,1,17,77,0,0,2021,15,151,2
Demetric Felton,23,rb,16,2,7,24,0,4,2021,18,181,2
